Company Names,Cars Names,Engines,CC/Battery Capacity,HorsePower,Total Speed,Performance(0 - 100 )KM/H,Cars Prices,Fuel Types,Seats,Torque
ROLLS ROYCE,PHANTOM,V12,6749.0,563,250,5.3,460000.0,Petrol,5.0,900
FORD,KA+,1.2L Petrol,1200.0,70,165,10.5,12000.0,Petrol,5.0,100
MERCEDES, GT 63 S,V8,3982.0,630,250,3.2,161000.0,Petrol,4.0,900
AUDI,AUDI R8 Gt,V10,5204.0,602,320,3.6,253290.0,Petrol,2.0,560
BMW,Mclaren 720s,V8,3994.0,710,341,2.9,499000.0,Petrol,2.0,770
ASTON MARTIN,VANTAGE F1,V8,3982.0,656,314,3.6,193440.0,Petrol,2.0,685
BENTLEY,Continental GT Azure,V8,3996.0,550,318,4.0,311000.0,Petrol,4.0,900
LAMBORGHINI,VENENO ROADSTER,V12,6498.0,750,356,2.9,4500000.0,Petrol,2.0,690
FERRARI,F8 TRIBUTO,V8,3900.0,710,340,2.9,280000.0,Petrol,2.0,770
FERRARI,812 GTS,V12,6496.0,789,340,2.9,350000.0,Petrol,2.0,718
FERRARI,PORTOFINO,V8,3900.0,592,320,3.2,210000.0,Petrol,4.0,760
FERRARI,ROMA,V8,3900.0,612,320,3.4,230000.0,Petrol,4.0,760
FERRARI,MONZA SP2,V12,6496.0,789,340,2.9,1700000.0,Petrol,2.0,719
FERRARI,F8 SPIDER,V8,3900.0,710,340,2.9,280000.0,Petrol,2.0,770
FERRARI,PORTOFINO M,V8,3900.0,612,320,3.2,220000.0,Petrol,4.0,760
FERRARI,ROMA SPIDER,V8,3900.0,612,320,3.4,240000.0,Petrol,4.0,760
TOYOTA,GR SUPRA,I4,2998.0,382,250,4.1,53900.0,Petrol,2.0,500
TOYOTA,TOYOTA 86,BOXER-4,1998.0,205,226,6.4,27000.0,Petrol,4.0,205
TOYOTA,TOYOTA  GR86,BOXER-4,2387.0,228,226,5.6,30000.0,Petrol,4.0,250
TOYOTA,TOYOTA LAND CRUISER,V8,5663.0,381,220,6.7,85000.0,Diesel,7.0,500
TOYOTA,TOYOTA SEQUOIA,V8,5663.0,381,200,6.9,50000.0,Petrol,7.0,651
NISSAN,GT-R,V6,3799.0,600,315,2.9,113000.0,Petrol,4.0,637
NISSAN,370Z,V6,3696.0,332,250,4.7,30000.0,Petrol,2.0,366
NISSAN,Z PROTO,V6,2998.0,400,290,4.1,40000.0,Petrol,2.0,475
NISSAN,ALTIMA,I4,2488.0,188,225,7.3,25000.0,Petrol,5.0,380
NISSAN,MAXIMA,V6,3498.0,300,240,5.8,35000.0,Petrol,5.0,354
NISSAN,SENTRA,I4,1998.0,149,200,8.2,20000.0,Petrol,5.0,240
NISSAN,ROGUE,I4,2488.0,201,200,7.5,28000.0,Petrol,5.0,270
NISSAN,PATHFINDER,V6,3498.0,284,225,6.5,35000.0,Petrol,7.0,351
NISSAN,FRONTIER,V6,3799.0,310,180,6.8,30000.0,Petrol,5.0,381
NISSAN,TITAN,V8,5598.0,400,200,5.9,40000.0,Petrol,5.0,560
ASTON MARTIN,VALKYRIE,V12,6496.0,1160,402,2.5,3200000.0,Hybrid,2.0,900
ASTON MARTIN,VALHALLA,V8,3996.0,1000,362,2.5,1100000.0,Hybrid,2.0,1000
ASTON MARTIN,DBS SUPERLEGGERA,V12,5204.0,715,340,3.4,316000.0,Petrol,2.0,900
ASTON MARTIN,DB11,V12,5204.0,600,322,3.9,208000.0,Petrol,4.0,700
ASTON MARTIN,VANTAGE ,V8,3996.0,503,313,3.6,142000.0,Petrol,2.0,685
ASTON MARTIN,DBX,V8,3996.0,542,291,4.5,189000.0,Petrol,5.0,700
ASTON MARTIN,RAPIDE AMR,V12,5935.0,580,328,4.2,240000.0,Petrol,4.0,630
ASTON MARTIN,VANQUISH,V12,5935.0,580,324,3.6,294000.0,Petrol,2.0,630
ASTON MARTIN,LAGONDA TARAF,V12,5935.0,540,314,4.2,1100000.0,Petrol,4.0,630
ASTON MARTIN,VICTOR,V12,5204.0,836,320,2.8,1300000.0,Petrol,2.0,821
LAMBORGHINI,SIAN,V12,6498.0,819,350,2.8,2800000.0,Hybrid,2.0,720
LAMBORGHINI,AVENTADOR SVJ,V12,6498.0,759,350,2.8,518000.0,Petrol,2.0,720
LAMBORGHINI,HURACAN PERFORMANTE,V10,5204.0,640,325,2.9,274000.0,Petrol,2.0,600
LAMBORGHINI,HURACAN EVO,V10,5204.0,640,325,2.9,261000.0,Petrol,2.0,600
LAMBORGHINI,AVENTADOR SV,V12,6498.0,740,350,2.8,493000.0,Petrol,2.0,690
LAMBORGHINI,URUS ,V8,3996.0,641,305,3.6,211000.0,Petrol,5.0,850
LAMBORGHINI,HURACAN SPYDER,V10,5204.0,610,325,3.4,287000.0,Petrol,2.0,600
LAMBORGHINI,AVENTADOR ROADSTER,V12,6498.0,700,350,3.0,445000.0,Petrol,2.0,690
LAMBORGHINI,HURACAN  PERFORMANTE SPYDER,V10,5204.0,640,325,3.1,308000.0,Petrol,2.0,600
LAMBORGHINI,AVENTADOR S,V12,6498.0,740,350,2.9,421000.0,Petrol,2.0,690
LAMBORGHINI,HURACAN EVO SPYDER,V10,5204.0,640,325,3.1,287000.0,Petrol,2.0,600
LAMBORGHINI,URUS PERFORMANTE,V8,3996.0,641,305,3.3,242000.0,Petrol,5.0,850
LAMBORGHINI,AVENTADOR ULTIMAE,V12,6498.0,769,355,2.8,545000.0,Petrol,2.0,720
LAMBORGHINI,HURACAN EVO RWD,V10,5204.0,610,325,3.3,258000.0,Petrol,2.0,560
LAMBORGHINI,AVENTADOR SVJ ROADSTER,V12,6498.0,759,350,2.9,573000.0,Petrol,2.0,720
LAMBORGHINI,URUS S,V8,3996.0,671,305,3.3,263000.0,Petrol,5.0,850
LAMBORGHINI,HURACAN STO,V10,5204.0,640,325,3.0,327000.0,Petrol,2.0,565
LAMBORGHINI,AVENTADOR LP 780-4 ULTIMATE,V12,6498.0,769,355,2.8,545000.0,Petrol,2.0,720
LAMBORGHINI,HURACAN EVO RWD SPYDER,V10,5204.0,610,325,3.3,273000.0,Petrol,2.0,600
LAMBORGHINI,AVENTADOR SVJ XAGO,V12,6498.0,759,350,2.9,603000.0,Petrol,2.0,720
LAMBORGHINI,URUS GRAPHITE CAPSULE,V8,3998.0,641,305,3.3,253000.0,Petrol,5.0,850
LAMBORGHINI,HURACAN STO EVO,V10,5204.0,640,325,3.0,342000.0,Petrol,2.0,565
LAMBORGHINI,AVENTADOR LP 780-4 ULTIMATE ROADSTER,V12,6498.0,769,355,2.8,573000.0,Petrol,2.0,720
ROLLS ROYCE,GHOST,V12,6592.0,591,250,4.8,332000.0,Petrol,5.0,850
ROLLS ROYCE,WRAITH,V12,6592.0,624,250,4.4,330000.0,Petrol,4.0,870
ROLLS ROYCE,DAWN,V12,6592.0,624,250,4.9,360000.0,Petrol,4.0,870
ROLLS ROYCE,CULLINAN,V12,6749.0,563,250,5.2,325000.0,Petrol,5.0,850
ROLLS ROYCE,PHANTOM EXTENDED,V12,6749.0,563,250,5.3,500000.0,Petrol,5.0,900
ROLLS ROYCE,GHOST EXTENDED,V12,6592.0,591,250,4.8,370000.0,Petrol,5.0,850
ROLLS ROYCE,WRAITH BLACK BADGE,V12,6592.0,624,250,4.3,360000.0,Petrol,4.0,870
ROLLS ROYCE,DAWN BLACK BADGE,V12,6592.0,624,250,4.8,390000.0,Petrol,4.0,870
ROLLS ROYCE,CULLINAN BLACK BADGE,V12,6749.0,563,250,5.1,350000.0,Petrol,5.0,850
ROLLS ROYCE,PHANTOM COUPE,V12,6749.0,563,250,5.3,450000.0,Petrol,4.0,870
ROLLS ROYCE,GHOST COUPE,V12,6592.0,591,250,4.8,340000.0,Petrol,4.0,850
ROLLS ROYCE,WRAITH COUPE,V12,6592.0,624,250,4.4,330000.0,Petrol,4.0,870
ROLLS ROYCE,DAWN CONVERTIBLE,V12,6592.0,624,250,4.9,380000.0,Petrol,4.0,870
ROLLS ROYCE,CULLINAN SUV,V12,6749.0,563,250,5.2,320000.0,Petrol,5.0,850
MERCEDES,BENZ S-CLASS S 580,V8,3982.0,496,250,4.4,116000.0,Petrol,5.0,700
MERCEDES,BENZ E-CLASS E 63 S,V8,3982.0,603,250,3.4,104000.0,Petrol,5.0,850
MERCEDES,BENZ CLA 45 AMG,I4,1991.0,382,250,4.1,53000.0,Petrol,5.0,500
MERCEDES,BENZ GLE 63 S,V8,3982.0,603,250,4.2,113000.0,Petrol,5.0,850
MERCEDES,BENZ S-CLASS S 500,V6,2996.0,429,250,4.9,109000.0,Petrol,5.0,700
MERCEDES,BENZ E-CLASS E 450 ,V6,2996.0,362,250,5.2,62000.0,Petrol,5.0,500
MERCEDES,BENZ CLS 450,V6,2996.0,362,250,5.2,70000.0,Petrol,5.0,500
MERCEDES,BENZ GT 53,V6,2996.0,429,250,4.5,99000.0,Petrol,5.0,700
MERCEDES,BENZ GLE 450,V6,2996.0,362,250,5.5,63000.0,Petrol,5.0,500
MERCEDES,BENZ A-CLASS A 45 S,I4,1991.0,416,250,3.9,53000.0,Petrol,5.0,500
MERCEDES,BENZ C-CLASS C 43,V6,2996.0,402,250,4.7,52000.0,Petrol,5.0,520
MERCEDES,BENZ E-CLASS E 350,I4,1991.0,255,250,5.7,49000.0,Petrol,5.0,500
MERCEDES,BENZ GLE 350 ,I4,1991.0,255,250,6.1,53000.0,Petrol,5.0,500
MERCEDES,BENZ GLC 43,V6,2996.0,402,250,4.7,54000.0,Petrol,5.0,520
MERCEDES,BENZ GLA 45,I4,1991.0,382,250,4.3,48000.0,Petrol,5.0,500
MERCEDES,BENZ GLC 350 ,I4,1991.0,255,250,6.1,46000.0,Petrol,5.0,500
MERCEDES,BENZ GLE 53,V6,2996.0,429,250,5.2,71000.0,Petrol,5.0,620
MERCEDES,BENZ S-CLASS S 350,I4,1991.0,255,250,6.5,90000.0,Petrol,5.0,500
MERCEDES,BENZ EQS 53,ELECTRIC MOTOR,,751,250,3.4,102000.0,Electric,5.0,950
MERCEDES,BENZ MAYBACH S 680,V12,5980.0,630,250,4.7,200000.0,Petrol,5.0,1000
BMW,M5 CS,V8,4395.0,627,305,3.0,142000.0,Petrol,5.0,750
BMW,M4 GTS,I6,2993.0,493,305,3.7,133000.0,Petrol,4.0,600
BMW,M3 COMPETITION,I6,2993.0,503,285,3.5,76000.0,Petrol,5.0,650
BMW,M2 CS,I6,2993.0,444,280,4.0,83000.0,Petrol,4.0,550
BMW,X5 M COMPETITION,V8,4935.0,523,285,4.1,114000.0,Petrol,5.0,750
BMW,X3 M COMPETITION,I6,2993.0,503,285,4.1,69000.0,Petrol,5.0,650
BMW,M8 GRAN COUPE,V8,4395.0,523,305,3.3,146000.0,Petrol,5.0,750
BMW,M850i DRIVE COUPE,V8,4935.0,523,285,3.7,108000.0,Petrol,4.0,750
ROLLS ROYCE,DAWN BLACK BADGE VOLANTE,V12,6592.0,563,250,4.8,398000.0,Petrol,4.0,840
ROLLS ROYCE,CULLINAN BLACK BADGE SUV,V12,6749.0,563,250,5.1,381000.0,Petrol,5.0,850
ROLLS ROYCE,PHATOM TRANQUILITY,V12,6749.0,563,250,5.3,475000.0,Petrol,5.0,900
ROLLS ROYCE,GHOST ZENITH,V12,6749.0,563,250,4.9,335000.0,Petrol,5.0,900
ROLLS ROYCE,WRAITH EAGLE VIII,V12,6592.0,623,250,4.5,349000.0,Petrol,4.0,800
ROLLS ROYCE,PHATOM ORCHID,V12,6749.0,563,250,5.3,495000.0,Petrol,5.0,900
ROLLS ROYCE,GHOST AZURE,V12,6749.0,563,250,4.9,355000.0,Petrol,5.0,900
ROLLS ROYCE,WRAITH KRYPTOS,V12,6592.0,623,250,4.5,369000.0,Petrol,4.0,800
ROLLS ROYCE,DAWN SILVER BULLET,V12,6592.0,563,250,4.8,418000.0,Petrol,4.0,840
ROLLS ROYCE,CULLINAN FUX ORANGE,V12,6749.0,563,250,5.1,401000.0,Petrol,5.0,850
ROLLS ROYCE,PHANTOM CELESTIAL,V12,6749.0,563,250,5.3,515000.0,Petrol,5.0,900
ROLLS ROYCE,GHOST MYSORE,V12,6749.0,563,250,4.9,375000.0,Petrol,5.0,900
ROLLS ROYCE,WRAITH LUMINARY,V12,6592.0,623,250,4.5,389000.0,Petrol,4.0,800
ROLLS ROYCE,DAWN BLACK BADGE ADAMAS,V12,6592.0,563,250,4.8,439000.0,Petrol,4.0,840
ROLLS ROYCE,CULLINAN RED DIAMOND,V12,6749.0,563,250,5.1,421000.0,Petrol,5.0,850
AUDI,R8 V10 PLUS,V10,5204.0,610,330,3.2,194000.0,Petrol,2.0,560
AUDI,RS7 SPORTBACK,V8,3993.0,591,305,3.6,114000.0,Petrol,5.0,800
AUDI,S8,V8,3993.0,563,305,4.3,101000.0,Petrol,5.0,800
AUDI,RS6 AVANT,V8,3993.0,591,305,3.6,109000.0,Petrol,5.0,800
AUDI,S7 SPORTBACK,V8,3993.0,563,305,4.3,96000.0,Petrol,5.0,650
AUDI,A8,V6,2995.0,335,250,5.7,86000.0,Petrol,5.0,600
AUDI,S5 COUPE,V6,2995.0,349,250,4.8,64000.0,Petrol,4.0,500
AUDI,SQ5,V6,2995.0,349,250,5.4,62000.0,Petrol,5.0,500
AUDI,S4 SEDAN,V6,2995.0,349,250,4.7,59000.0,Petrol,5.0,500
AUDI,S3 SEDAN,I4,1984.0,306,250,4.8,52000.0,Petrol,5.0,400
AUDI,Q7,V6,2995.0,335,250,6.3,60000.0,Petrol,7.0,600
AUDI,Q5,I4,1984.0,248,240,6.3,43000.0,Petrol,5.0,500
AUDI,A7,V6,2995.0,335,250,5.7,68000.0,Petrol,5.0,600
AUDI,A6,V6,2995.0,335,250,5.7,58000.0,Petrol,5.0,600
AUDI,A5 COUPE,I4,1984.0,248,240,6.3,45000.0,Petrol,4.0,500
AUDI,A4,I4,1984.0,248,240,6.5,39000.0,Petrol,5.0,400
AUDI,Q3,I4,1984.0,248,230,7.3,35000.0,Petrol,5.0,400
AUDI,E-TRON SPORTBACK,ELECTRIC,95.0,402,200,5.5,78000.0,Electric,5.0,664
AUDI,TT COUPE,I4,1984.0,248,250,5.3,49000.0,Petrol,2.0,400
BMW,I8 ROADSTER,ELECTRIC MOTOR,116.0,369,250,4.4,165000.0,Hybrid,2.0,570
BMW,330i,I4,1998.0,255,250,5.6,45000.0,Petrol,5.0,400
BMW,M340i XDRIVE,I6,2998.0,382,250,4.1,57000.0,Petrol,5.0,500
BMW,430i COUPE,I4,1998.0,255,250,5.8,48000.0,Petrol,4.0,400
BMW,M4 COMPETITION,I6,2993.0,503,290,3.8,81000.0,Petrol,4.0,650
BMW,530i,I4,1998.0,248,250,5.9,57000.0,Petrol,5.0,400
BMW,M550i XDRIVE,V8,4395.0,523,250,3.6,78000.0,Petrol,5.0,650
BMW,118i,I3,1499.0,136,213,8.5,32000.0,Petrol,5.0,220
BMW,128ti,I4,1998.0,261,250,6.1,42000.0,Petrol,5.0,400
BMW,M135i XDRIVE,I4,1998.0,302,250,4.8,30000.0,Petrol,5.0,450
BMW,116D,I3,1496.0,116,200,10.3,30000.0,Diesel,5.0,280
BMW,120D XDRIVE,I4,1995.0,190,230,6.9,38000.0,Diesel,5.0,400
BMW,116i,I3,1499.0,109,200,10.9,28000.0,Petrol,5.0,200
BMW,118D,I4,1995.0,150,216,8.4,34000.0,Diesel,5.0,380
BMW,120i,I4,1998.0,178,230,7.1,37000.0,Petrol,5.0,300
BMW,125i,I4,1998.0,224,240,6.1,42000.0,Petrol,5.0,400
BMW,114D,I3,1496.0,95,185,12.2,27000.0,Diesel,5.0,270
BMW,114i,I4,1598.0,102,195,11.2,26000.0,Petrol,5.0,200
BMW,125D,I4,1995.0,224,240,6.3,44000.0,Diesel,5.0,400
BMW,118i XDRIVE,I3,1499.0,136,211,8.9,34000.0,Petrol,5.0,250
BMW,116D EFFICIENTDYNAMICS,I3,1496.0,116,200,10.9,30000.0,Diesel,5.0,270
BMW,118i SPORTLINE,I3,1499.0,136,213,8.5,35000.0,Petrol,5.0,250
BMW,118i M SPORT,I3,1499.0,136,213,8.5,37000.0,Petrol,5.0,250
BMW,120i M SPORT,I4,1998.0,178,230,7.1,39000.0,Petrol,5.0,300
BMW,116i EFFICIENTDYNAMICS,I4,1598.0,109,195,10.9,29000.0,Petrol,5.0,200
BMW,116D ADVANTAGE,I3,1496.0,116,200,10.5,31000.0,Diesel,5.0,270
BMW,120D EFFICIENTDYNAMICS,I4,1995.0,163,225,7.7,39000.0,Diesel,5.0,400
BMW,118i SHADOW LINE,I3,1499.0,136,213,8.5,36000.0,Petrol,5.0,250
BMW,118D SPORT LINE,I4,1995.0,150,216,8.4,36000.0,Diesel,5.0,380
BMW,120i XDRIVE,I4,1998.0,178,230,7.2,40000.0,Petrol,5.0,300
BMW,114D SPORT LINE,I3,1496.0,95,185,12.2,28000.0,Diesel,5.0,270
BMW,118i URBAN LINE,I3,1499.0,136,213,8.5,35000.0,Petrol,5.0,250
KIA,SPORTAGE LX,I4,2480.0,187,200,8.0,27000.0,Petrol,5.0,250
KIA,SPORTAGE EX,I4,2480.0,187,200,8.0,30000.0,Petrol,5.0,250
KIA,SPORTAGE GT-LINE,I4,2480.0,187,200,8.0,32000.0,Petrol,5.0,350
KIA,SPORTAGE SX TURBO,I4,1998.0,240,210,6.7,36000.0,Petrol,5.0,400
KIA,SPORTAGE NIGHTFALL EDITION,I4,2480.0,187,200,8.0,33000.0,Petrol,5.0,350
HONDA,CIVIC TYPE R,I4,1996.0,315,272,5.7,44000.0,Petrol,5.0,400
KIA,SPORTAGE 2024(BASE MODEL),I4,2480.0,187,200,8.0,26000.0,Petrol,5.0,250
KIA,SPORTAGE 2024(TOP TRIM),I4,1998.0,240,210,6.7,38000.0,Petrol,5.0,400
KIA,SPORTAGE X-LINE,I4,2480.0,187,200,8.0,32500.0,Petrol,5.0,350
KIA,SPORTAGE 2024(S TRIM),I4,2480.0,187,200,8.2,28000.0,Petrol,5.0,250
HONDA,ACCORD,I4,1498.0,192,201,7.1,29400.0,Petrol,5.0,370
KIA,SPORTAGE 2024(X-PRO),I4,2480.0,187,200,8.1,36000.0,Petrol,5.0,400
KIA,SPORTAGE 2024(X-PRO PRESTIGE),I4,2480.0,187,200,8.1,38000.0,Petrol,5.0,400
KIA,SPORTAGE 2024(BASE FWD),I4,2480.0,187,200,8.5,26500.0,Petrol,5.0,250
HONDA,PILOT,V6,3471.0,285,209,6.3,40000.0,Petrol,8.0,360
HONDA,CIVIC HATCHBACK,I4,1498.0,180,220,6.8,26350.0,Petrol,5.0,300
TOYOTA,PRIUS,I4,1798.0,121,180,10.5,26700.0,Hybrid,5.0,142
TOYOTA,4RUNNER ,V6,3956.0,270,200,7.5,37400.0,Petrol,5.0,400
TOYOTA,TACOMA,I4,2694.0,159,180,9.5,26400.0,Petrol,5.0,400
TOYOTA,TUNDRA,V8,5663.0,381,220,6.7,39900.0,Petrol,5.0,650
TOYOTA,AVALON,V6,3456.0,301,220,6.9,41400.0,Petrol,5.0,400
TOYOTA,VENZA,I4,2494.0,219,200,7.5,33400.0,Hybrid,5.0,400
TOYOTA,HIGHLANDER HYBRID,V6,3456.0,240,220,8.2,40400.0,Hybrid,7.0,350
TOYOTA,TUNDRA HYBRID,V6,3456.0,344,220,6.2,43400.0,Hybrid,5.0,650
TOYOTA,YARIS,I4,1496.0,106,180,11.2,18400.0,Petrol,5.0,150
TOYOTA,BZ4X,ELECTRIC,648728.0,218,200,7.5,43400.0,Electric,5.0,330
TOYOTA,MR2,I4,1986.0,168,200,6.9,29000.0,Petrol,2.0,400
TOYOTA,CELICA,I4,1986.0,140,200,8.5,25000.0,Petrol,5.0,250
HONDA,CIVIC,I4,1996.0,158,200,8.5,20400.0,Petrol,5.0,400
HYUNDAI,I10,"1.2L,4-CYLINDER,INLINE-4(I4)",1197.0,87,160,12.2,12400.0,Petrol,5.0,120
MAHINDRA,XUV500,"2.2L,4-CYLINDER,INLINE-4(I4)",2179.0,155,180,10.5,18400.0,Diesel,7.0,400
MAHINDRA,SCORPIO,"2.2L,4-CYLINDER,INLINE-4(I4)",2179.0,140,160,11.2,16400.0,Diesel,7.0,280
MARUTI SUZUKI,SWIFT,"1.2L,4-CYLINDER,INLINE-4(I4)",1197.0,83,160,12.2,10400.0,Petrol,5.0,113
TOYOTA,GR COROLLA,"1.6L,TURBOCHARGED INLINE-3",1618.0,300,230,,36995.0,Petrol,5.0,370
TOYOTA,PROACE VERSO ELECTRIC,ELECTRIC MOTOR,75.0,136,130,13.5,55000.0,Electric,7.0,280
TOYOTA,BZ3,ELECTRIC MOTOR,65.0,241,160,7.5,35000.0,Electric,5.0,340
TOYOTA,GR YARIS,"1.6L,TURBOCHARGED INLINE-3",1618.0,268,230,5.5,45000.0,Petrol,4.0,390
HYUNDAI,IONIQ 5,ELECTRIC MOTOR,726.0,225,185,7.4,41000.0,Electric,5.0,350
HYUNDAI,IONIQ 6,Electric Motor,536774.0,320,185,5.2,41450.0,Electric,5.0,350
HYUNDAI,Palisade,3.8L V6,3800.0,291,240,6.3,52000.0,Petrol,7.0,355
HYUNDAI,Accent,1.6L Inline-4,1600.0,120,180,9.8,15000.0,Petrol,5.0,151
HYUNDAI,Venue,1.6L Inline-4,1600.0,121,180,9.5,18000.0,Petrol,5.0,240
HYUNDAI,KONA Electric,Electric Motor,392.0,200,200,6.1,40000.0,Electric,5.0,395
HYUNDAI,Veloster,2.0L Inline-4,2000.0,275,220,6.0,25000.0,Petrol,4.0,264
HYUNDAI,Genesis,3.8L V6,3800.0,291,240,6.3,52000.0,Petrol,5.0,400
HYUNDAI,Azera,3.3L V6,3300.0,278,240,6.5,55000.0,Petrol,5.0,250
HYUNDAI,Equus,3.3L V6,3300.0,278,240,6.5,55000.0,Petrol,5.0,400
HYUNDAI,Tiburon,2.0L Inline-4,2000.0,160,200,8.2,19000.0,Petrol,4.0,320
VOLKSWAGEN,Passat,2.0L Turbo I4,1984.0,150 - 280,210,7.8,25000.0,Petrol,5.0,250
VOLKSWAGEN,Jetta,1.5L Turbo I4,1498.0,150 - 228,210,7.7,21995.0,Petrol,5.0,250
VOLKSWAGEN,Arteon,2.0L Turbo I4,1984.0,150 - 280,250,5.6,46000.0,Petrol,5.0,350
VOLKSWAGEN,ID.4,Electric,77.0,201 - 302,160,7.8,39735.0,Electric,5.0,310
VOLKSWAGEN,Up!,Electric,323.0,82,160,13.0,15000.0,Petrol,4.0,95
VOLKSWAGEN,Scirocco,2.0L Turbo I4,1984.0,125 - 280,233,6.0,35000.0,Petrol,4.0,350
VOLKSWAGEN,Beetle,2.0L Turbo I4,1984.0,105 - 210,205,7.0,20000.0,Petrol,4.0,240
VOLKSWAGEN,Amarok,3.0L V6 Turbo Diesel,2967.0,163 - 258,180,7.9,40000.0,Diesel,5.0,550
VOLKSWAGEN,T-Roc,2.0L Turbo I4,1984.0,115 - 300,205,7.2,30000.0,Petrol,5.0,320
NISSAN,NV1500,4.0L V6,3954.0,261,160,9.5,33000.0,Petrol,12.0,385
VOLKSWAGEN,Taigo,1.5L Turbo I4,1498.0,95 - 150,183,10.0,24000.0,Petrol,5.0,200
VOLKSWAGEN,California,2.0L Turbo I4,1984.0,150 - 204,180,13.0,70000.0,Diesel,7.0,340
VOLKSWAGEN,ID.3,Electric,5877.0,204,160,7.3,35000.0,Electric,5.0,310
VOLKSWAGEN,ID. Buzz,Electric,77.0,204,145,10.2,59995.0,Electric,7.0,310
VOLKSWAGEN,Golf GTI,2.0L Turbo I4,1984.0,245,250,5.9,31965.0,Petrol,5.0,350
VOLKSWAGEN,Golf R,2.0L Turbo I4,1984.0,315,250,4.6,44640.0,Petrol,5.0,420
VOLKSWAGEN,Passat Alltrack,2.0L Turbo Diesel I4,1968.0,190 - 240,220,7.8,36000.0,Diesel,5.0,400
VOLKSWAGEN,Polo GTI,2.0L Turbo I4,1984.0,204,238,6.7,28000.0,Petrol,5.0,320
VOLKSWAGEN,ID.5,Electric,77.0,174 - 299,180,8.4,45000.0,Electric,5.0,310
VOLKSWAGEN,ID. Buzz Cargo,Electric,77.0,204,145,10.2,55000.0,Electric,3.0,310
VOLKSWAGEN,Polo BlueMotion,1.2L Diesel I3,1199.0,75 - 95,190,10.5,22000.0,Diesel,5.0,250
VOLKSWAGEN,Golf Sportsvan,1.5L Turbo I4,1498.0,130 - 150,210,8.9,30000.0,Petrol,5.0,250
VOLKSWAGEN,Golf Alltrack,2.0L Turbo Diesel I4,1968.0,147 - 200,210,7.1,35000.0,Petrol,5.0,350
VOLKSWAGEN,Scirocco R,2.0L Turbo I4,1984.0,280,250,5.5,40000.0,Petrol,4.0,350
VOLKSWAGEN,Tiguan Allspace,2.0L Turbo I4,1984.0,184 - 230,215,7.6,35000.0,Petrol,7.0,320
VOLKSWAGEN,Arteon 4MOTION,2.0L Turbo I4,1984.0,190 - 320,250,5.6,48000.0,Petrol,5.0,350
VOLKSWAGEN,ID.3 Pro,Electric,58.0,204,160,7.3,35000.0,Electric,5.0,310
VOLKSWAGEN,Crafter,2.0L Turbo Diesel I4,1968.0,102 - 177,160,13.0,40000.0,Diesel,3.0,410
VOLKSWAGEN,Golf Cabriolet,1.2L I4 Turbo / 2.0L I4 Turbo,11971984.0,105 - 210,217,8.4,30000.0,Petrol,4.0,200
VOLKSWAGEN,Golf Electric,Electric,358.0,136,140,10.4,33000.0,Electric,5.0,290
VOLKSWAGEN,Up! Cabriolet,1.0L I3 Turbo,999.0,82 - 115,160,12.4,18000.0,Petrol,4.0,95
VOLKSWAGEN,T-Roc Cabriolet,1.0L I3 Turbo / 1.5L I4 Turbo,9991498.0,115 - 150,205,9.6,35000.0,Petrol,4.0,250
VOLKSWAGEN,Passat CC,2.0L I4 Turbo,1984.0,200 - 280,240,7.3,40000.0,Petrol,5.0,280
VOLKSWAGEN,Amarok V6,3.0L V6 Turbo Diesel,2967.0,204 - 258,191,7.9,45000.0,Diesel,5.0,580
VOLKSWAGEN,ID.2,Electric,50.0,~170,160,8.0,25000.0,Electric,5.0,220
VOLKSWAGEN,Touareg V8,4.0L V8 Turbo Diesel,3956.0,421,250,4.9,70000.0,Petrol,5.0,770
VOLKSWAGEN,Passat B8,1.5L I4 Turbo / 2.0L Diesel,14981968.0,150 - 280,210,8.7,28000.0,Petrol,5.0,250
VOLKSWAGEN,ID.4 Pro S,Electric,77.0,201,180,7.8,45000.0,Electric,5.0,310
VOLKSWAGEN,Golf Cabriolet,1.2L I4 Turbo / 2.0L I4 Turbo,11971984.0,105 - 210,217,8.4,30000.0,Petrol,4.0,200
VOLKSWAGEN,Golf Country,1.8L I4 Gas,1781.0,98,165,12.0,25000.0,Petrol,5.0,170
VOLKSWAGEN,Jetta GLI,2.0L I4 Turbo,1984.0,228,250,6.5,31000.0,Petrol,5.0,350
VOLKSWAGEN,Arteon Shooting Brake,2.0L I4 Turbo,1984.0,150 - 320,250,5.6,50000.0,Petrol,5.0,420
VOLKSWAGEN,T-Cross R-Line,1.0L I3 Turbo / 1.5L I4 Turbo,9991498.0,115 - 150,200,8.5,27000.0,Petrol,5.0,250
VOLKSWAGEN,Scirocco 16V,1.8L I4 Gas,1781.0,137,220,7.1,35000.0,Petrol,4.0,230
VOLKSWAGEN,Polo BlueMotion,1.2L Diesel I3,1199.0,75 - 95,190,10.5,20000.0,Diesel,5.0,210
VOLKSWAGEN,Golf Variant GTD,2.0L Diesel I4,1968.0,184,230,7.5,38000.0,Diesel,5.0,380
VOLKSWAGEN,ID. Buzz Pro,Electric,77.0,204,145,10.2,60000.0,Electric,7.0,310
VOLKSWAGEN,Jetta Hybrid,1.4L I4 Turbo + Electric Motor,1395.0,170,210,8.6,28000.0,Hybrid,5.0,250
VOLKSWAGEN,Golf Variant Alltrack,2.0L Diesel I4,1968.0,150 - 200,220,7.8,35000.0,Petrol,5.0,320
VOLKSWAGEN,Golf TDI,2.0L Diesel I4,1968.0,150 - 184,220,8.0,28000.0,Diesel,5.0,350
VOLKSWAGEN,Passat Variant,1.5L I4 Turbo / 2.0L Diesel,14981968.0,150 - 240,220,8.5,30000.0,Petrol,5.0,280
VOLKSWAGEN,Polo GTI Clubsport,2.0L I4 Turbo,1984.0,300,240,6.7,30000.0,Petrol,5.0,320
VOLKSWAGEN,Jetta Hybrid,1.4L I4 Turbo + Electric Motor,1395.0,170,210,8.6,28000.0,Hybrid,5.0,250
VOLKSWAGEN,ID.3 GTX,Electric,77.0,299,180,6.2,45000.0,Electric,5.0,310
VOLKSWAGEN,Arteon R-Line,2.0L I4 Turbo,1984.0,190 - 280,250,5.6,50000.0,Petrol,5.0,420
VOLKSWAGEN,Scirocco GTS,2.0L I4 Turbo,1984.0,220,246,6.5,35000.0,Petrol,4.0,350
VOLKSWAGEN,Caddy Maxi,2.0L Diesel I4,1968.0,122 - 150,180,12.0,25000.0,Diesel,7.0,250
VOLKSWAGEN,Volkswagen Lupo 3L,1.2L Diesel I3,1199.0,61,165,14.5,20000.0,Diesel,4.0,140
VOLKSWAGEN,Polo Beats,1.0L I3 Turbo,999.0,95,187,9.5,22000.0,Petrol,5.0,175
VOLKSWAGEN,Passat Hybrid,1.4L I4 Turbo + Electric Motor,1395.0,215,210,7.4,32000.0,Hybrid,5.0,330
VOLKSWAGEN,Golf TCR,2.0L I4 Turbo,1984.0,290,250,5.6,40000.0,Petrol,5.0,370
VOLKSWAGEN,Tiguan R-Line,2.0L I4 Turbo,1984.0,190 - 230,250,4.9,45000.0,Petrol,5.0,420
VOLKSWAGEN,Sharan Business,2.0L Diesel I4,1968.0,150 - 184,200,8.3,35000.0,Diesel,7.0,350
VOLKSWAGEN,ID. Buzz Cargo Pro,Electric,77.0,204,145,10.2,55000.0,Electric,2.0,310
VOLKSWAGEN,Arteon 280 TSI,2.0L I4 Turbo,1984.0,280,250,5.6,50000.0,Petrol,5.0,350
VOLKSWAGEN,Jetta GLI 35th,2.0L I4 Turbo,1984.0,228,250,6.5,31000.0,Petrol,5.0,350
VOLKSWAGEN,Beetle Final Edition,2.0L I4 Turbo,1984.0,174,205,7.0,25000.0,Petrol,4.0,250
VOLKSWAGEN,Golf Variant TDI,2.0L Diesel I4,1968.0,150 - 184,220,7.8,30000.0,Diesel,5.0,350
VOLKSWAGEN,Golf 4MOTION,2.0L Diesel I4,1968.0,150 - 184,250,4.9,40000.0,Petrol,5.0,400
VOLKSWAGEN,Polo GTI Plus,2.0L I4 Turbo,1984.0,207,237,6.7,30000.0,Petrol,5.0,320
VOLKSWAGEN,Tiguan eHybrid,1.4L I4 Turbo + Electric Motor,1395.0,245,200,7.5,42000.0,Hybrid,5.0,400
VOLKSWAGEN,Up! e-up!,Electric,323.0,83,130,11.9,23000.0,Electric,4.0,210
VOLKSWAGEN,Amarok V8,4.0L V8 Turbo Diesel,3996.0,310 - 340,210,7.4,70000.0,Diesel,5.0,580
VOLKSWAGEN,Golf R Cabriolet,2.0L I4 Turbo,1984.0,265,250,5.9,45000.0,Petrol,4.0,380
VOLKSWAGEN,Passat Alltrack TDI,2.0L Diesel I4,1968.0,190,220,8.0,40000.0,Diesel,5.0,400
VOLKSWAGEN,ID. Buzz Cargo EV,Electric,77.0,204,145,10.2,55000.0,Electric,2.0,310
NISSAN,Versa,1.6L Inline-4,1598.0,122 HP,180,10.4,16700.0,Petrol,5.0,154
NISSAN,Micra,1.0L Turbocharged Inline-3,999.0,100 HP,175,10.8,15500.0,Petrol,5.0,160
NISSAN,Patrol Platinum,5.6L V8,5552.0,400 HP,210,7.3,77000.0,Petrol,7.0,560
NISSAN,Murano,3.5L V6,3498.0,260 HP,210,7.5,39000.0,Petrol,5.0,325
NISSAN,Maxima Platinum,3.5L V6,3498.0,300 HP,220,6.2,45000.0,Petrol,5.0,353
NISSAN,Armada,5.6L V8,5552.0,400 HP,210,6.5,51000.0,Petrol,8.0,560
NISSAN,Kicks,1.6L Inline-4,1598.0,122 HP,180,10.7,20000.0,Petrol,5.0,154
NISSAN,Z (Fairlady Z),3.0L Twin-Turbo V6,2997.0,400 HP,250,4.5,40000.0,Petrol,2.0,475
NISSAN,Almera,1.0L Turbocharged Inline-3,999.0,100 HP,185,10.7,14500.0,Petrol,5.0,160
NISSAN,Sylphy,1.8L Inline-4,1798.0,137 HP,190,9.6,18000.0,Petrol,5.0,174
NISSAN,Sunny,1.6L Inline-4,1598.0,118 HP,180,11.0,15000.0,Petrol,5.0,156
NISSAN,Cube,1.8L Inline-4,1798.0,122 HP,175,10.6,14500.0,Petrol,5.0,171
NISSAN,Juke,1.0L Turbocharged Inline-3,999.0,117 HP,180,10.4,25000.0,Petrol,5.0,180
NISSAN,Terrano,1.5L Inline-4 Diesel,1461.0,110 HP,168,13.5,15500.0,Diesel,5.0,248
NISSAN,Magnite,1.0L Turbocharged Inline-3,999.0,100 HP,160,13.0,12000.0,Petrol,5.0,160
NISSAN,Xterra,4.0L V6,3954.0,261 HP,200,7.8,35000.0,Petrol,7.0,381
NISSAN,Patrol,5.6L V8,5552.0,400 HP,210,7.3,77000.0,Petrol,7.0,560
NISSAN,GT-R NISMO,3.8L Twin-Turbo V6,3799.0,600 HP,330,2.9,220000.0,Petrol,2.0,652
NISSAN,370Z Roadster,3.7L V6,3696.0,332 HP,250,5.5,41820.0,Petrol,2.0,366
NISSAN,Ariya ,Dual Electric Motors,87.0,389 HP,200,5.1,58950.0,Electric,5.0,600
NISSAN,Patrol Royale,5.6L V8,5552.0,400 HP,210,6.6,85000.0,Petrol,7.0,560
NISSAN,Infiniti QX80*,5.6L V8,5552.0,400 HP,210,6.5,70600.0,Petrol,7.0,560
NISSAN,Tiida,1.6L Inline-4,1598.0,126 HP,190,10.1,14500.0,Petrol,5.0,154
NISSAN,Latio,1.5L Inline-4,1498.0,102 HP,175,11.5,13000.0,Petrol,5.0,139
NISSAN,Bluebird Sylphy,2.0L Inline-4,1997.0,133 HP,185,10.5,18500.0,Petrol,5.0,191
NISSAN,Rogue Sport,2.0L Inline-4,1997.0,141 HP,190,9.8,24960.0,Petrol,5.0,199
NISSAN,Pathfinder Rock Creek,3.5L V6,3498.0,284 HP,190,7.4,42820.0,Petrol,7.0,351
NISSAN,Armada Platinum,5.6L V8,5552.0,400 HP,210,6.5,65300.0,Petrol,8.0,560
NISSAN,Terrano XL,1.6L Inline-4,1598.0,104 HP,165,12.5,14000.0,Petrol,5.0,145
NISSAN,GT-R50 by Italdesign,3.8L Twin-Turbo V6,3799.0,720 HP,315,2.5,1100000.0,Petrol,2.0,780
NISSAN,370Z NISMO,3.7L V6,3696.0,350 HP,250,5.2,45790.0,Petrol,2.0,374
NISSAN,Ariya E-4ORCE,Dual Electric Motors,87.0,389 HP,200,5.1,60000.0,Electric,5.0,600
NISSAN,Patrol NISMO,5.6L V8,5552.0,428 HP,210,6.5,105000.0,Petrol,7.0,560
NISSAN,Infiniti Q60*,3.0L V6 Twin-Turbo,2997.0,300 HP,250,5.0,41750.0,Petrol,4.0,400
NISSAN,Primera,2.0L Inline-4,1998.0,140 HP,200,9.6,20000.0,Petrol,5.0,190
NISSAN,Skyline,3.0L V6 Twin-Turbo,2997.0,400 HP,250,5.0,50000.0,Petrol,5.0,475
NISSAN,Gloria,2.5L V6,2498.0,210 HP,210,8.6,30000.0,Petrol,5.0,250
NISSAN,Stanza,1.8L Inline-4,1796.0,120 HP,175,11.0,18500.0,Petrol,5.0,170
NISSAN,Patrol Super Safari,4.8L Inline-6,4750.0,280 HP,190,8.2,55000.0,Petrol,7.0,451
NISSAN,X-Terra Pro-4X,2.5L Inline-4,2498.0,190 HP,175,10.8,40000.0,Petrol,7.0,240
NISSAN,Rogue Platinum,1.5L Turbo Inline-3,1497.0,201 HP,180,8.2,38000.0,Petrol,5.0,300
NISSAN,GT-R V-Spec,3.8L Twin-Turbo V6,3799.0,600 HP,330,2.8,175000.0,Petrol,2.0,652
NISSAN,Skyline NISMO,3.0L Twin-Turbo V6,2997.0,420 HP,270,4.7,55000.0,Petrol,5.0,475
NISSAN,Ariya Lounge Edition,Dual Electric Motors,87.0,389 HP,200,5.1,63000.0,Electric,5.0,600
NISSAN,Patrol Titanium,5.6L V8,5552.0,428 HP,210,6.5,98000.0,Petrol,7.0,560
NISSAN,Infiniti FX50*,5.0L V8,5026.0,390 HP,250,5.6,61750.0,Petrol,5.0,500
NISSAN,Avenir,2.0L Inline-4,1998.0,140 HP,180,9.8,20000.0,Petrol,5.0,186
NISSAN,Wingroad,1.8L Inline-4,1798.0,125 HP,175,10.8,18000.0,Petrol,5.0,168
NISSAN,Presea,1.8L Inline-4,1838.0,115 HP,170,11.5,17500.0,Petrol,5.0,161
NISSAN,Leopard,3.0L V6,2960.0,210 HP,200,8.4,32000.0,Petrol,5.0,265
NISSAN,Paladin,2.4L Inline-4,2438.0,150 HP,180,10.6,20000.0,Petrol,5.0,217
NISSAN,Hardbody SUV,2.5L Inline-4,2498.0,158 HP,175,11.0,18500.0,Petrol,5.0,225
NISSAN,Patrol Desert Edition,5.6L V8,5552.0,428 HP,210,6.5,95000.0,Petrol,7.0,560
NISSAN,Pathfinder Armada,5.6L V8,5552.0,400 HP,200,6.5,60000.0,Petrol,7.0,560
NISSAN,Rogue Midnight Edition,1.5L Turbo Inline-3,1497.0,201 HP,180,8.2,39000.0,Petrol,5.0,300
NISSAN,GT-R Black Edition,3.8L Twin-Turbo V6,3799.0,600 HP,330,2.8,185000.0,Petrol,2.0,652
NISSAN,Fairlady Z Heritage,3.0L Twin-Turbo V6,2997.0,400 HP,250,4.2,48000.0,Petrol,2.0,475
NISSAN,Ariya Premiere,Dual Electric Motors,87.0,389 HP,200,5.1,67000.0,Electric,5.0,600
NISSAN,NV350 Caravan,2.5L Inline-4 Diesel,2488.0,129 HP,155,12.5,28000.0,Diesel,8.0,356
NISSAN,Navara,2.3L Inline-4 Diesel,2298.0,190 HP,180,10.2,32000.0,Diesel,5.0,450
NISSAN,Titan XD,5.6L V8,5552.0,400 HP,195,6.9,55000.0,Petrol,6.0,560
NISSAN,Evalia,1.5L Inline-4 Diesel,1461.0,85 HP,140,15.0,25000.0,Diesel,7.0,200
NISSAN,Cabstar,2.5L Inline-4 Diesel,2488.0,130 HP,145,14.8,27000.0,Diesel,3.0,350
NISSAN,Silvia,2.0L Turbo Inline-4,1998.0,247 HP,235,5.9,45000.0,Petrol,4.0,275
NISSAN,NX Coupe,2.0L Inline-4,1998.0,140 HP,200,9.0,22000.0,Petrol,4.0,180
NISSAN,AD Wagon,1.5L Inline-4,1498.0,105 HP,165,12.3,16000.0,Petrol,5.0,150
NISSAN,Patrol Super Safari Y61,4.8L Inline-6,4750.0,280 HP,190,8.2,58000.0,Petrol,7.0,451
NISSAN,Pathfinder Rock Creek Edition,3.5L V6,3498.0,284 HP,195,7.2,44000.0,Petrol,7.0,351
NISSAN,Murano CrossCabriolet,3.5L V6,3498.0,260 HP,195,7.6,47000.0,Petrol,4.0,325
NISSAN,X-Trail Tekna,1.5L Turbo Hybrid,1497.0,204 HP,190,8.0,43000.0,Hybrid,5.0,305
NISSAN,Skyline 400R,3.0L Twin-Turbo V6,2997.0,400 HP,250,4.5,70000.0,Petrol,5.0,475
NISSAN,Infiniti G37*,3.7L V6,3696.0,328 HP,250,5.5,42000.0,Petrol,5.0,365
NISSAN,Patrol Black Edition,5.6L V8,5552.0,400 HP,200,6.5,85000.0,Petrol,7.0,560
NISSAN,Ariya Empower+,Dual Electric Motors,87.0,389 HP,200,5.1,68000.0,Electric,5.0,600
NISSAN,Datsun 510 (Classic),1.6L Inline-4,1595.0,96 HP,175,10.2,25000.0,Petrol,4.0,135
NISSAN,200SX,2.0L Turbo Inline-4,1998.0,200 HP,240,7.2,30000.0,Petrol,4.0,265
NISSAN,300ZX,3.0L Twin-Turbo V6,2960.0,300 HP,250,5.9,50000.0,Petrol,4.0,384
NISSAN,Hardbody Truck,2.4L Inline-4,2389.0,134 HP,160,10.6,25000.0,Petrol,5.0,206
NISSAN,Atlas,3.0L Inline-4 Diesel,2999.0,130 HP,130,18.0,35000.0,Diesel,3.0,300
NISSAN,Clipper,660cc Inline-3,659.0,48 HP,110,18.5,10000.0,Petrol,4.0,62
NISSAN,NV200,2.0L Inline-4,1998.0,131 HP,140,14.0,28000.0,Petrol,7.0,188
NISSAN,Violet,1.8L Inline-4,1770.0,85 HP,155,13.8,18000.0,Petrol,5.0,130
NISSAN,Bluebird Z,2.0L Inline-4,1998.0,140 HP,190,11.0,23000.0,Petrol,5.0,180
NISSAN,Stanza Wagon,2.4L Inline-4,2389.0,138 HP,160,12.0,22000.0,Petrol,7.0,205
NISSAN,180SX,2.0L Turbo Inline-4,1998.0,205 HP,240,6.8,35000.0,Petrol,4.0,275
NISSAN,Sunny California,1.6L Inline-4,1597.0,110 HP,170,11.0,18000.0,Petrol,5.0,140
NISSAN,Patrol Warrior,5.6L V8,5552.0,428 HP,205,6.3,95000.0,Petrol,7.0,580
NISSAN,Pathfinder Armada Platinum,5.6L V8,5552.0,400 HP,190,6.8,70000.0,Petrol,7.0,560
NISSAN,Rogue Sport SL,2.0L Inline-4,1998.0,141 HP,190,9.0,32000.0,Petrol,5.0,195
NISSAN,X-Trail Platinum Edition,1.5L Turbo Hybrid,1497.0,204 HP,190,8.0,46000.0,Hybrid,5.0,305
NISSAN,GT-R Egoist,3.8L Twin-Turbo V6,3799.0,565 HP,315,2.8,220000.0,Petrol,2.0,637
NISSAN,Infiniti M45*,4.5L V8,4494.0,325 HP,250,5.8,50000.0,Petrol,5.0,451
NISSAN,Skyline 50th Anniversary,3.0L Twin-Turbo V6,2997.0,400 HP,250,4.5,75000.0,Petrol,5.0,475
NISSAN,Ariya Dual Motor AWD,Dual Electric Motors,87.0,389 HP,200,5.1,70000.0,Electric,5.0,600
NISSAN,Patrol Legend Edition,5.6L V8,5552.0,428 HP,205,6.3,95000.0,Petrol,7.0,580
NISSAN,Datsun 240Z (Classic),2.4L Inline-6,2393.0,151 HP,210,8.0,45000.0,Petrol,2.0,198
NISSAN,100NX,1.6L Inline-4,1597.0,110 HP,185,9.6,18000.0,Petrol,4.0,135
NISSAN,Cedric Special Edition,3.0L V6,2960.0,250 HP,225,8.5,60000.0,Petrol,5.0,330
NISSAN,300ZX Turbo,3.0L Twin-Turbo V6,2960.0,300 HP,250,5.9,55000.0,Petrol,4.0,384
NISSAN,Silvia S15 Spec-R,2.0L Turbo Inline-4,1998.0,250 HP,240,5.6,35000.0,Petrol,4.0,300
NISSAN,NV400,2.3L Inline-4 Diesel,2298.0,135 HP,150,15.0,40000.0,Diesel,3.0,360
NISSAN,Titan Warrior,5.6L V8,5552.0,400 HP,180,7.0,55000.0,Petrol,5.0,560
NISSAN,Caravan Coach,2.5L Inline-4 Diesel,2498.0,127 HP,140,14.0,30000.0,Diesel,7.0,260
NISSAN,Elgrand,3.5L V6,3498.0,280 HP,200,8.5,50000.0,Petrol,7.0,344
NISSAN,Datsun 510,1.6L Inline-4,1595.0,96 HP,175,10.2,25000.0,Petrol,4.0,135
NISSAN,Prairie,2.0L Inline-4,1998.0,120 HP,175,11.0,18000.0,Petrol,5.0,170
NISSAN,Pulsar GTI-R,2.0L Turbo Inline-4,1998.0,230 HP,225,6.0,30000.0,Petrol,5.0,280
NISSAN,Almera Tino,1.8L Inline-4,1769.0,114 HP,180,12.5,15000.0,Petrol,5.0,160
NISSAN,Lucino,1.6L Inline-4,1597.0,115 HP,185,10.5,12000.0,Petrol,5.0,150
NISSAN,Rasheen,1.5L Inline-4,1497.0,105 HP,165,13.0,10000.0,Petrol,5.0,135
NISSAN,X-Trail GT,2.0L Turbo Inline-4,1998.0,280 HP,215,6.4,38000.0,Petrol,5.0,310
NISSAN,Terrano Regulus,3.3L V6,3275.0,170 HP,175,10.0,28000.0,Petrol,5.0,290
NISSAN,President,4.5L V8,4494.0,280 HP,210,7.5,70000.0,Petrol,5.0,400
NISSAN,Leopard J. Ferie,3.0L V6 Turbo,2960.0,255 HP,215,6.5,45000.0,Petrol,5.0,340
NISSAN,Gloria Gran Turismo,3.0L V6 Turbo,2960.0,255 HP,220,6.5,50000.0,Petrol,5.0,340
NISSAN,Infiniti Q45*,4.5L V8,4494.0,340 HP,240,6.2,50000.0,Petrol,5.0,450
NISSAN,Datsun 240Z,2.4L Inline-6,2393.0,151 HP,210,8.0,45000.0,Petrol,2.0,198
NISSAN,200SX,2.0L Turbo Inline-4,1998.0,200 HP,225,7.0,25000.0,Petrol,4.0,260
NISSAN,NX Coupe,1.8L Inline-4,1839.0,140 HP,200,9.0,18000.0,Petrol,4.0,180
NISSAN,NV2500,4.0L V6,3954.0,261 HP,160,10.0,36000.0,Petrol,2.0,385
NISSAN,NV3500,5.6L V8,5552.0,375 HP,170,9.0,42000.0,Petrol,2.0,525
NISSAN,NT400 Cabstar,3.0L Inline-4 Diesel,2953.0,150 HP,140,15.0,35000.0,Diesel,3.0,350
PORSCHE,Panamera,2.9L V6 Twin Turbo,2894.0,330 HP,270,5.6,88000.0,Petrol,4.0,450
PORSCHE,Panamera 4,2.9L V6 Twin Turbo,2894.0,330 HP,270,5.4,92000.0,Petrol,4.0,450
PORSCHE,Panamera 4S,2.9L V6 Twin Turbo,2894.0,440 HP,289,4.4,105000.0,Petrol,4.0,550
PORSCHE,Panamera Turbo S,4.0L V8 Twin Turbo,3996.0,620 HP,315,3.1,180000.0,Petrol,4.0,820
PORSCHE,Panamera GTS,4.0L V8 Twin Turbo,3996.0,473 HP,300,3.9,130000.0,Petrol,4.0,620
PORSCHE,Panamera Platinum Edition,2.9L V6 Twin Turbo,2894.0,330 HP,270,5.4,102000.0,Petrol,4.0,450
PORSCHE,Panamera 4 Executive,2.9L V6 Twin Turbo,2894.0,330 HP,270,5.6,95000.0,Petrol,4.0,450
PORSCHE,Cayenne,3.0L V6 Turbo,2995.0,335 HP,245,5.9,80000.0,Petrol,5.0,450
PORSCHE,Cayenne Coupe,3.0L V6 Turbo,2995.0,335 HP,245,6.0,85000.0,Petrol,5.0,450
PORSCHE,Cayenne S,2.9L V6 Twin Turbo,2894.0,434 HP,265,5.0,95000.0,Petrol,5.0,550
PORSCHE,Cayenne Turbo,4.0L V8 Twin Turbo,3996.0,541 HP,286,4.0,130000.0,Petrol,5.0,770
PORSCHE,Cayenne GTS,4.0L V8 Twin Turbo,3996.0,453 HP,270,4.5,110000.0,Petrol,5.0,620
PORSCHE,Macan,2.0L I4 Turbo,1984.0,261 HP,232,6.2,60000.0,Petrol,5.0,400
PORSCHE,Macan S,2.9L V6 Twin Turbo,2894.0,375 HP,259,4.8,75000.0,Petrol,5.0,520
PORSCHE,Macan GTS,2.9L V6 Twin Turbo,2894.0,434 HP,272,4.5,85000.0,Petrol,5.0,550
PORSCHE,Macan T,2.0L I4 Turbo,1984.0,261 HP,232,6.2,65000.0,Petrol,5.0,400
PORSCHE,911 Carrera S,3.0L Twin-Turbo Flat-6,2981.0,443,308,3.5,131300.0,Petrol,4.0,528
PORSCHE,911 Carrera 4,3.0L Twin-Turbo Flat-6,2981.0,379,293,4.2,106500.0,Petrol,4.0,450
PORSCHE,911 Carrera 4S,3.0L Twin-Turbo Flat-6,2981.0,443,306,3.4,113300.0,Petrol,4.0,528
PORSCHE,911 Targa 4,3.0L Twin-Turbo Flat-6,2981.0,379,289,4.4,121300.0,Petrol,4.0,450
PORSCHE,911 Turbo,3.8L Twin-Turbo Flat-6,3745.0,572,320,2.7,197200.0,Petrol,4.0,750
PORSCHE,911 Turbo S,3.8L Twin-Turbo Flat-6,3745.0,640,330,2.6,230400.0,Petrol,4.0,800
PORSCHE,911 GT3,4.0L Naturally Aspirated Flat-6,3996.0,502,318,3.4,161100.0,Petrol,2.0,469
PORSCHE,911 GT3 RS,4.0L Naturally Aspirated Flat-6,3996.0,518,296,3.2,241300.0,Petrol,2.0,465
PORSCHE,911 Dakar,3.0L Twin-Turbo Flat-6,2981.0,473,240,3.4,222000.0,Petrol,2.0,570
PORSCHE,Taycan,Dual Electric Motors,792.0,402,230,5.4,86700.0,Electric,4.0,344
PORSCHE,Taycan 4S,Dual Electric Motors,792.0,522,250,4.0,103800.0,Electric,4.0,640
PORSCHE,Taycan Turbo,Dual Electric Motors,934.0,670,260,3.2,150900.0,Electric,4.0,850
PORSCHE,Taycan Turbo S,Dual Electric Motors,934.0,750,260,2.8,185000.0,Electric,4.0,1050
PORSCHE,Taycan GTS,Dual Electric Motors,934.0,590,250,3.5,132750.0,Electric,4.0,850
PORSCHE,Taycan Cross Turismo,Dual Electric Motors,934.0,469,220,4.8,97700.0,Electric,5.0,500
PORSCHE,Taycan Sport Turismo,Dual Electric Motors,792.0,509,240,4.1,104000.0,Electric,5.0,650
PORSCHE,718 Cayman GT4,4.0L Naturally Aspirated Flat-6,3995.0,414,302,4.2,100200.0,Petrol,2.0,420
PORSCHE,718 Cayman GT4 RS,4.0L Naturally Aspirated Flat-6,3996.0,493,315,3.2,141700.0,Petrol,2.0,450
PORSCHE,718 Boxster,2.0L Turbo Flat-4,1988.0,300,275,4.9,65500.0,Petrol,2.0,380
PORSCHE,718 Boxster T,2.0L Turbo Flat-4,1988.0,300,275,4.7,69600.0,Petrol,2.0,380
PORSCHE,718 Boxster GTS,4.0L Naturally Aspirated Flat-6,3995.0,394,293,4.3,90300.0,Petrol,2.0,430
PORSCHE,718 Spyder,4.0L Naturally Aspirated Flat-6,3995.0,414,301,4.1,98300.0,Petrol,2.0,420
PORSCHE,Panamera Base,2.9L Twin-Turbo V6,2894.0,325,265,5.6,92300.0,Petrol,4.0,450
PORSCHE,Panamera 4 E-Hybrid,2.9L Twin-Turbo V6 + Electric Motor,2894.0,462,280,4.4,113300.0,Hybrid,4.0,700
PORSCHE,Panamera 4 Sport Turismo,2.9L Twin-Turbo V6,2894.0,325,265,5.5,101400.0,Petrol,4.0,450
PORSCHE,Panamera Turbo S E-Hybrid Sport Turismo,4.0L Twin-Turbo V8 + Electric Motor,3996.0,690,315,3.2,200200.0,Hybrid,4.0,870
PORSCHE,Panamera 4S E-Hybrid Executive,2.9L Twin-Turbo V6 + Electric Motor,2894.0,560,295,3.7,128900.0,Hybrid,4.0,750
PORSCHE,Panamera Platinum Edition,2.9L Twin-Turbo V6,2894.0,325,265,5.6,98300.0,Petrol,4.0,450
PORSCHE,Panamera GTS Sport Turismo,4.0L Twin-Turbo V8,3996.0,473,300,3.9,136900.0,Petrol,4.0,620
PORSCHE,Panamera Turbo Executive,4.0L Twin-Turbo V8,3996.0,550,306,3.8,175200.0,Petrol,4.0,770
PORSCHE,Panamera Turbo S Exclusive Series,4.0L Twin-Turbo V8,3996.0,570,310,3.8,290000.0,Petrol,4.0,800
PORSCHE,Panamera 4S ,2.9L Twin-Turbo V6,2894.0,443,289,4.1,105000.0,Petrol,4.0,550
PORSCHE,Macan Base,2.0L Turbo Inline-4,1984.0,265,232,6.4,58000.0,Petrol,5.0,400
PORSCHE,Macan T,2.0L Turbo Inline-4,1984.0,265,233,6.2,63000.0,Petrol,5.0,400
PORSCHE,Macan S,2.9L Twin-Turbo V6,2894.0,375,259,4.6,70400.0,Petrol,5.0,520
PORSCHE,Macan GTS,2.9L Twin-Turbo V6,2894.0,434,272,4.3,82900.0,Petrol,5.0,550
PORSCHE,Macan EV ,Dual Electric Motors,95.0,603,240,4.0,85000.0,Electric,5.0,750
PORSCHE,Cayenne Base,3.0L Turbocharged V6,2995.0,335,245,5.9,72200.0,Petrol,5.0,450
PORSCHE,Cayenne E-Hybrid,3.0L V6 + Electric Motor,2995.0,455,253,4.8,91000.0,Hybrid,5.0,700
PORSCHE,Cayenne S Coupe,2.9L Twin-Turbo V6,2894.0,434,263,4.7,94300.0,Petrol,4.0,550
PORSCHE,Cayenne Turbo GT,4.0L Twin-Turbo V8,3996.0,631,300,3.3,182150.0,Petrol,4.0,850
PORSCHE,Cayenne Platinum Edition,3.0L Turbocharged V6,2995.0,335,245,5.8,79000.0,Petrol,5.0,450
PORSCHE,Cayenne Turbo S E-Hybrid Coupe,4.0L Twin-Turbo V8 + Electric Motor,3996.0,670,295,3.6,167800.0,Hybrid,4.0,900
PORSCHE,Cayenne GTS Coupe,4.0L Twin-Turbo V8,3996.0,453,270,4.5,111200.0,Petrol,4.0,620
PORSCHE,Cayenne S Hybrid,3.0L V6 + Electric Motor,2995.0,380,242,6.5,85500.0,Hybrid,5.0,580
PORSCHE,Cayenne Coupe Turbo E-Hybrid,4.0L Twin-Turbo V8 + Electric Motor,3996.0,728,295,3.6,182900.0,Hybrid,4.0,950
PORSCHE,Taycan Base,Dual Electric Motors,792.0,321,230,5.4,86700.0,Electric,4.0,345
CADILLAC,CT4,2.0L Turbo Inline-4 Gasoline,2000.0,237,250,6.0,34395.0,Petrol,5.0,350
CADILLAC,CT4-V,2.7L Turbo Inline-4 Gasoline,2700.0,325,260,4.9,46595.0,Petrol,5.0,500
CADILLAC,CT5,2.0L Turbo Inline-4 Gasoline,2000.0,237,240,6.6,38195.0,Petrol,5.0,350
PORSCHE,Taycan Cross Turismo 4,Dual Electric Motors,934.0,375,240,5.1,94800.0,Electric,4.0,500
PORSCHE,Taycan Cross Turismo GTS,Dual Electric Motors,934.0,590,250,3.8,139400.0,Electric,4.0,620
PORSCHE,Taycan Sport Turismo Base,Dual Electric Motors,792.0,375,230,5.4,90500.0,Electric,4.0,500
PORSCHE,Taycan Sport Turismo GTS,Dual Electric Motors,934.0,590,250,3.7,136700.0,Electric,4.0,620
PORSCHE,Taycan Turbo S Cross Turismo,Dual Electric Motors,934.0,750,260,2.9,190000.0,Electric,4.0,1050
PORSCHE,911 Carrera Base,3.0L Twin-Turbo Flat-6,2981.0,379,293,4.2,106100.0,Petrol,4.0,450
PORSCHE,911 Carrera S Cabriolet,3.0L Twin-Turbo Flat-6,2981.0,443,304,3.9,129900.0,Petrol,4.0,530
PORSCHE,911 Carrera 4,3.0L Twin-Turbo Flat-6,2981.0,379,293,4.4,113300.0,Petrol,4.0,450
PORSCHE,911 Carrera 4 GTS,3.0L Twin-Turbo Flat-6,2981.0,473,311,3.3,137000.0,Petrol,4.0,570
PORSCHE,911 Targa 4 GTS,3.0L Twin-Turbo Flat-6,2981.0,473,307,3.5,157300.0,Petrol,4.0,570
PORSCHE,911 Turbo Cabriolet,3.8L Twin-Turbo Flat-6,3745.0,572,320,2.9,184100.0,Petrol,4.0,750
PORSCHE,911 Turbo S Coupe,3.8L Twin-Turbo Flat-6,3745.0,640,330,2.7,207000.0,Petrol,4.0,800
PORSCHE,911 GT3 Touring,4.0L Naturally Aspirated Flat-6,3996.0,502,318,3.9,170000.0,Petrol,2.0,470
PORSCHE,911 GT3 RS Clubsport,4.0L Naturally Aspirated Flat-6,3996.0,525,296,3.2,223800.0,Petrol,2.0,465
PORSCHE,911 Dakar Limited Edition,3.0L Twin-Turbo Flat-6,2981.0,473,240,3.4,222000.0,Petrol,4.0,570
PORSCHE,911 Carrera GTS Lightweight,3.0L Twin-Turbo Flat-6,2981.0,473,311,3.2,145300.0,Petrol,4.0,570
PORSCHE,911 Targa 4 Lightweight,3.0L Twin-Turbo Flat-6,2981.0,379,289,4.3,135500.0,Petrol,4.0,450
PORSCHE,911 Turbo Exclusive Series,3.8L Twin-Turbo Flat-6,3745.0,607,330,2.9,258000.0,Petrol,4.0,750
PORSCHE,911 GT2 RS,3.8L Twin-Turbo Flat-6,3745.0,700,340,2.8,293200.0,Petrol,2.0,750
PORSCHE,911 GT3 Cup,4.0L Naturally Aspirated Flat-6,3996.0,510,290,3.4,245000.0,Petrol,1.0,470
PORSCHE,911 GT4 RS,4.0L Naturally Aspirated Flat-6,3996.0,500,315,3.4,222000.0,Petrol,2.0,450
PORSCHE,911 Sport Turismo,3.0L Twin-Turbo Flat-6,2981.0,379,293,4.4,116000.0,Petrol,4.0,450
PORSCHE,911 Turbo Cabriolet Lightweight,3.8L Twin-Turbo Flat-6,3745.0,572,318,3.0,191300.0,Petrol,4.0,750
PORSCHE,911 Dakar Sport,3.0L Twin-Turbo Flat-6,2981.0,473,240,3.5,233000.0,Petrol,4.0,570
TATA MOTORS,Tiago,1.2L Revotron 3-cylinder Petrol,1199.0,86,170,13.0,8200.0,Petrol,5.0,113
TATA MOTORS,Tiago EV,Permanent Magnet Synchronous,24.0,74,120,5.7,11000.0,Electric,5.0,114
TATA MOTORS,Altroz DCA,1.2L Revotron 3-cylinder Petrol,1199.0,86,170,12.5,11300.0,Petrol,5.0,113
TATA MOTORS,Tiago NRG,1.2L Revotron 3-cylinder Petrol,1199.0,86,170,13.5,9200.0,Petrol,5.0,113
TATA MOTORS,Indica eV2,1.4L CR4 Diesel,1396.0,70,155,16.0,6200.0,Diesel,5.0,140
TATA MOTORS,Tigor,1.2L Revotron 3-cylinder Petrol,1199.0,86,170,13.0,9400.0,Petrol,5.0,113
TATA MOTORS,Tigor EV,Permanent Magnet Synchronous,26.0,74,120,5.7,14500.0,Electric,5.0,114
TATA MOTORS,Indigo eCS,1.4L CR4 Diesel,1396.0,70,155,16.5,6500.0,Diesel,5.0,140
CADILLAC,Escalade,6.2L V8 Gasoline,6200.0,420,210,6.8,79295.0,Petrol,7.0,624
TATA MOTORS,Indigo LX,1.4L CR4 Diesel,1396.0,70,150,17.0,7000.0,Diesel,5.0,140
CADILLAC,Escalade ESV,6.2L V8 Gasoline,6200.0,420,205,6.9,82295.0,Petrol,7.0,624
TATA MOTORS,Nexon EV Max,Permanent Magnet Synchronous,405.0,143,140,9.0,25000.0,Electric,5.0,250
TATA MOTORS,Harrier,2.0L Kryotec Turbocharged Diesel,1956.0,168,180,11.0,23000.0,Diesel,5.0,350
TATA MOTORS,Safari,2.0L Kryotec Turbocharged Diesel,1956.0,168,180,11.0,25500.0,Diesel,7.0,350
TATA MOTORS,Aria,2.2L Dicor Diesel,2179.0,138,162,13.0,19000.0,Diesel,7.0,320
TATA MOTORS,Sumo Grande,2.2L Dicor Diesel,2179.0,118,140,15.0,16500.0,Diesel,7.0,250
TATA MOTORS,Nexon EV Prime,Permanent Magnet Synchronous,302.0,129,120,9.4,22000.0,Electric,5.0,245
TATA MOTORS,Tiago EV,Permanent Magnet Synchronous,24.0,74,120,5.7,11000.0,Electric,5.0,114
TESLA,Model S,Dual Electric Motors,100.0,670,250,3.1,88490.0,Electric,5.0,967
TESLA,Model S Plaid,Tri Electric Motors,100.0,"1,020",322,2.1,108490.0,Electric,5.0,"1,400"
TESLA,Model 3,Single Electric Motor (RWD),60.0,283,225,5.8,40240.0,Electric,5.0,420
TESLA,Model 3 Performance,Dual Electric Motors (AWD),82.0,450,261,3.1,53240.0,Electric,5.0,660
TESLA,Model X,Dual Electric Motors (AWD),100.0,670,250,3.8,98490.0,Electric,7.0,967
TESLA,Model X Plaid,Tri Electric Motors,100.0,"1,020",262,2.6,113490.0,Electric,6.0,"1,400"
TESLA,Model Y,Single Electric Motor (RWD),75.0,346,217,5.0,47490.0,Electric,5.0,498
TESLA,Model Y Long Range,Dual Electric Motors (AWD),82.0,384,217,4.8,50490.0,Electric,5.0,559
TESLA,Cybertruck,Tri Electric Motors,200.0,800,209,2.9,69900.0,Electric,6.0,"1,355"
JEEP,Wrangler,3.6L V6 Pentastar Gasoline,3600.0,285,180,6.8,35195.0,Petrol,4.0,353
JEEP,Grand Cherokee,3.6L V6 Pentastar Gasoline,3600.0,293,209,7.0,41530.0,Petrol,5.0,352
JEEP,Grand Cherokee L,3.6L V6 Pentastar Gasoline,3600.0,293,209,7.2,43530.0,Petrol,7.0,352
JEEP,Gladiator,3.6L V6 Pentastar Gasoline,3600.0,285,177,8.1,38775.0,Petrol,5.0,353
JEEP,Grand Cherokee 4xe,2.0L Turbo PHEV,173.0,375,210,6.0,59865.0,Hybrid,5.0,637
JEEP,Wrangler 4xe,2.0L Turbo PHEV,173.0,375,180,6.4,50695.0,Hybrid,5.0,637
JEEP,Compass 4xe,1.3L Turbo PHEV,114.0,240,200,7.3,46500.0,Hybrid,5.0,270
JEEP,Renegade 4xe,1.3L Turbo PHEV,114.0,240,200,7.5,44500.0,Hybrid,5.0,270
JEEP,Wagoneer S (Electric),Dual Electric Motors,100.0,600,177,4.5,80000.0,Electric,5.0,850
JEEP,Gladiator Mojave Edition,3.6L V6 Pentastar Gasoline,3600.0,285,177,8.6,51570.0,Petrol,5.0,353
CADILLAC,XT4,2.0L Turbo Inline-4 Gasoline,2000.0,235,220,7.6,37490.0,Petrol,5.0,350
CADILLAC,XT5,3.6L V6 Gasoline,3600.0,310,210,6.5,44195.0,Petrol,5.0,366
CADILLAC,XT6,3.6L V6 Gasoline,3600.0,310,210,6.9,48595.0,Petrol,7.0,366
CADILLAC,Lyriq EV,Single Electric Motor,100.0,340,190,5.7,58590.0,Electric,5.0,440
CADILLAC,Escalade V,6.2L Supercharged V8 Gasoline,6200.0,682,200,4.4,149990.0,Petrol,7.0,885
CADILLAC,Escalade Platinum,6.2L V8 Gasoline,6200.0,420,210,6.8,104595.0,Petrol,7.0,624
CADILLAC,CT5-V Blackwing,6.2L Supercharged V8 Gasoline,6200.0,668,320,3.4,92000.0,Petrol,5.0,893
CADILLAC,XT4 Sport,2.0L Turbo Inline-4 Gasoline,2000.0,235,220,7.4,41390.0,Petrol,5.0,350
CADILLAC,XT5 Sport,3.6L V6 Gasoline,3600.0,310,210,6.5,51095.0,Petrol,5.0,366
CADILLAC,XT6 Sport,3.6L V6 Gasoline,3600.0,310,210,6.9,57095.0,Petrol,7.0,366
CADILLAC,Lyriq Launch Edition,Single Electric Motor,100.0,340,190,5.7,59990.0,Electric,5.0,440
CADILLAC,Lyriq EV Premium,Dual Electric Motors,100.0,500,210,4.5,64990.0,Electric,5.0,620
CADILLAC,CT5 Premium Luxury,2.0L Turbo Inline-4 Gasoline,2000.0,237,240,6.8,41290.0,Petrol,5.0,350
CHEVROLET,Spark,1.4L Inline-4 Gasoline,1400.0,98,180,10.7,14595.0,Petrol,5.0,127
CHEVROLET,Malibu,1.5L Turbo Inline-4 Gasoline,1500.0,160,210,8.0,25000.0,Petrol,5.0,250
CHEVROLET,Camaro,2.0L Turbo Inline-4 Gasoline,2000.0,275,240,5.4,26400.0,Petrol,4.0,400
CHEVROLET,Corvette,6.2L V8 Gasoline,6200.0,495,312,3.0,65895.0,Petrol,2.0,637
CHEVROLET,Traverse,3.6L V6 Gasoline,3600.0,310,210,7.0,35915.0,Petrol,7.0,360
CHEVROLET,Equinox,1.5L Turbo Inline-4 Gasoline,1500.0,170,200,8.9,26600.0,Petrol,5.0,275
CHEVROLET,Blazer,3.6L V6 Gasoline,3600.0,308,220,6.6,44000.0,Petrol,5.0,366
CHEVROLET,Tahoe,5.3L V8 Gasoline,5300.0,355,200,7.5,56995.0,Petrol,7.0,519
CHEVROLET,Suburban,5.3L V8 Gasoline,5300.0,355,190,7.6,59900.0,Petrol,8.0,519
CHEVROLET,Colorado,2.7L Turbo Inline-4 Gasoline,2700.0,310,190,6.8,30695.0,Petrol,5.0,583
CHEVROLET,Silverado 1500,5.3L V8 Gasoline,5300.0,355,180,7.0,42795.0,Petrol,6.0,519
CHEVROLET,Silverado 3500HD,6.6L V8 Diesel,6600.0,445,160,8.5,45500.0,Diesel,6.0,1234
CHEVROLET,Bolt EV,Single Electric Motor,66.0,200,150,6.5,27495.0,Electric,5.0,360
CHEVROLET,Bolt EUV,Single Electric Motor,66.0,200,150,7.0,28795.0,Electric,5.0,360
CHEVROLET,Malibu Premier,2.0L Turbo Inline-4 Gasoline,2000.0,250,240,5.8,33500.0,Petrol,5.0,353
CHEVROLET,Camaro ZL1,6.2L Supercharged V8 Gasoline,6200.0,650,318,3.5,67300.0,Petrol,4.0,881
CHEVROLET,Corvette Stingray,6.2L V8 Gasoline,6200.0,495,312,3.0,65895.0,Petrol,2.0,637
CHEVROLET,Silverado 1500 High Country,5.3L V8 Gasoline,5300.0,355,180,7.0,61595.0,Petrol,6.0,519
CHEVROLET,Silverado 1500 Trail Boss,5.3L V8 Gasoline,5300.0,355,180,7.0,55895.0,Petrol,6.0,519
CHEVROLET,Silverado 1500 RST,5.3L V8 Gasoline,5300.0,355,180,7.1,50895.0,Petrol,6.0,519
CHEVROLET,Traverse Premier,3.6L V6 Gasoline,3600.0,310,210,7.0,46600.0,Petrol,7.0,360
CHEVROLET,Equinox Premier,1.5L Turbo Inline-4 Gasoline,1500.0,170,200,8.8,33400.0,Petrol,5.0,275
CHEVROLET,Blazer RS,3.6L V6 Gasoline,3600.0,308,220,6.6,48900.0,Petrol,5.0,366
CHEVROLET,Bolt EV 2LT,Single Electric Motor,66.0,200,150,6.7,28795.0,Electric,5.0,360
CHEVROLET,Camaro SS,6.2L V8 Gasoline,6200.0,455,290,4.3,43500.0,Petrol,4.0,617
CHEVROLET,Corvette Grand Sport,6.2L V8 Gasoline,6200.0,460,290,3.9,65900.0,Petrol,2.0,630
CHEVROLET,Traverse RS,3.6L V6 Gasoline,3600.0,310,210,7.0,43700.0,Petrol,7.0,360
CHEVROLET,Blazer Premier,3.6L V6 Gasoline,3600.0,308,220,6.6,45000.0,Petrol,5.0,366
CHEVROLET,Malibu LT,1.5L Turbo Inline-4 Gasoline,1500.0,160,210,8.5,25800.0,Petrol,5.0,250
CHEVROLET,Spark Activ,1.4L Inline-4 Gasoline,1400.0,98,180,11.0,17595.0,Petrol,5.0,127
CHEVROLET,Equinox LT,1.5L Turbo Inline-4 Gasoline,1500.0,170,200,8.9,28400.0,Petrol,5.0,275
CHEVROLET,Silverado 3500HD High Country,6.6L V8 Diesel,6600.0,445,160,8.5,75700.0,Diesel,6.0,1234
CHEVROLET,Colorado WT,2.7L Turbo Inline-4 Gasoline,2700.0,310,190,6.9,29200.0,Petrol,5.0,583
CHEVROLET,Suburban High Country,6.2L V8 Gasoline,6200.0,420,200,7.0,82400.0,Petrol,8.0,624
CHEVROLET,Silverado Custom,4.3L V6 Gasoline,4300.0,285,180,8.5,33900.0,Petrol,6.0,413
CHEVROLET,Spark LS,1.4L Inline-4 Gasoline,1400.0,98,180,10.9,14395.0,Petrol,5.0,127
CHEVROLET,Traverse LT,3.6L V6 Gasoline,3600.0,310,210,7.1,37200.0,Petrol,7.0,360
CHEVROLET,Malibu Premier,2.0L Turbo Inline-4 Gasoline,2000.0,250,240,5.8,34500.0,Petrol,5.0,353
CHEVROLET,Equinox RS,1.5L Turbo Inline-4 Gasoline,1500.0,170,200,8.8,31900.0,Petrol,5.0,275
CHEVROLET,Silverado 1500 Custom,4.3L V6 Gasoline,4300.0,285,180,8.6,34900.0,Petrol,6.0,413
CHEVROLET,Silverado 2500HD LTZ,6.6L V8 Diesel,6600.0,445,160,8.4,56400.0,Diesel,6.0,1234
CHEVROLET,Tahoe RST,5.3L V8 Gasoline,5300.0,355,180,7.4,64100.0,Petrol,7.0,519
CHEVROLET,Suburban LT,5.3L V8 Gasoline,5300.0,355,180,5.1,64400.0,Petrol,8.0,519
CHEVROLET,Bolt EV Premier,Single Electric Motor,66.0,200,150,6.5,31700.0,Electric,5.0,360
CHEVROLET,Tahoe LS,5.3L V8 Gasoline,5300.0,355,180,7.5,56995.0,Petrol,8.0,519
CHEVROLET,Tahoe LT,5.3L V8 Gasoline,5300.0,355,180,7.4,62495.0,Petrol,8.0,519
CHEVROLET,Tahoe RST,5.3L V8 Gasoline,5300.0,355,180,7.4,64100.0,Petrol,7.0,519
CHEVROLET,Tahoe Z71,5.3L V8 Gasoline,5300.0,355,180,7.6,66700.0,Petrol,7.0,519
CHEVROLET,Tahoe Premier,6.2L V8 Gasoline,6200.0,420,200,6.8,71600.0,Petrol,7.0,624
CHEVROLET,Tahoe High Country,6.2L V8 Gasoline,6200.0,420,200,6.7,76700.0,Petrol,7.0,624
CHEVROLET,Tahoe Midnight Edition,5.3L V8 Gasoline,5300.0,355,180,7.5,65500.0,Petrol,8.0,519
CHEVROLET,Tahoe Sport Edition,6.2L V8 Gasoline,6200.0,420,200,6.8,70000.0,Petrol,7.0,624
GMC,Terrain,1.5L Turbo 4-cylinder,1500.0,175,190,9.5,29900.0,Petrol,5.0,275
GMC,Yukon,5.3L V8 Gasoline,5300.0,355,180,7.4,57400.0,Petrol,8.0,519
GMC,Yukon XL,6.2L V8 Gasoline,6200.0,420,200,6.9,61100.0,Petrol,8.0,624
GMC,Canyon,2.7L Turbo 4-cylinder,2700.0,310,190,7.6,36900.0,Petrol,5.0,583
GMC,Sierra 1500,5.3L V8 Gasoline,5300.0,355,180,7.3,37100.0,Petrol,6.0,519
GMC,Sierra 2500HD,6.6L V8 Diesel,6600.0,401,175,7.5,43900.0,Diesel,6.0,629
GMC,Sierra 3500HD,6.6L V8 Diesel,6600.0,445,175,7.4,49000.0,Diesel,6.0,1234
GMC,Hummer EV Pickup,Dual-Motor Electric,212.0,625,170,3.0,108700.0,Electric,5.0,1000+
GMC,Hummer EV SUV,Dual-Motor Electric,212.0,625,170,3.5,105600.0,Electric,5.0,1000+
GMC,Yukon Denali,6.2L V8 Gasoline,6200.0,420,200,6.8,72800.0,Petrol,8.0,624
GMC,Sierra Denali,6.2L V8 Gasoline,6200.0,420,190,6.7,66800.0,Petrol,6.0,624
GMC,Terrain AT4,1.5L Turbo 4-cylinder,1500.0,175,190,9.6,36500.0,Petrol,5.0,275
GMC,Acadia AT4,3.6L V6 Gasoline,3600.0,310,210,7.6,41400.0,Petrol,6.0,366
GMC,Sierra 1500 AT4,5.3L V8 Gasoline,5300.0,355,180,7.4,53800.0,Petrol,6.0,519
GMC,Sierra 2500HD Denali,6.6L V8 Diesel,6600.0,401,175,7.5,72200.0,Diesel,6.0,1234
GMC,Sierra Elevation,2.7L Turbo 4-cylinder,2700.0,310,190,7.6,45000.0,Petrol,5.0,583
GMC,Canyon AT4,2.7L Turbo 4-cylinder,2700.0,310,190,7.5,43900.0,Petrol,5.0,583
GMC,Canyon Denali,2.7L Turbo 4-cylinder,2700.0,310,190,7.5,48000.0,Petrol,5.0,583
GMC,Yukon XL Denali Ultimate,6.2L V8 Gasoline,6200.0,420,200,6.7,93800.0,Petrol,8.0,624
GMC,Terrain Denali,1.5L Turbo 4-cylinder,1500.0,175,190,9.5,38600.0,Petrol,5.0,275
GMC,Acadia Denali,3.6L V6 engine,3564.0,310,210,6.5,54300.0,Petrol,7.0,366
GMC,Yukon AT4,5.3L V8 engine,5327.0,355,210,7.1,71505.0,Petrol,8.0,519
GMC,Yukon XL AT4,5.3L V8 engine,5327.0,355,210,7.3,73305.0,Petrol,8.0,519
GMC,Sierra 1500 SLT,5.3L V8 engine,5327.0,355,180,6.8,56000.0,Petrol,5.0,519
GMC,Sierra 2500HD AT4,6.6L V8 engine,6600.0,401,170,7.5,70000.0,Petrol,5.0,629
GMC,Sierra 3500HD AT4,6.6L V8 engine,6600.0,401,170,7.7,72000.0,Petrol,5.0,629
GMC,Canyon Elevation,2.5L I4 engine,2488.0,200,175,8.5,36300.0,Petrol,5.0,259
GMC,Canyon Denali Black Edition,3.6L V6 engine,3564.0,308,180,6.9,44000.0,Petrol,5.0,373
GMC,Sierra 1500 Denali Ultimate,6.2L V8 engine,6162.0,420,200,5.8,80000.0,Petrol,5.0,624
GMC,Yukon XL Denali Reserve,6.2L V8 engine,6162.0,420,210,6.0,82000.0,Petrol,7.0,624
GMC,Terrain Elevation Edition,1.5L Turbocharged I4 engine,1490.0,170,200,9.3,28700.0,Petrol,5.0,275
GMC,Acadia Black Edition,3.6L V6 engine,3564.0,310,210,6.5,45000.0,Petrol,7.0,366
GMC,Hummer EV SUV Edition 1,"Electric motors with up to 11,500 lb-ft torque",200.0,Up to 830,170,3.5,96550.0,Electric,5.0,"15,590"
GMC,Hummer EV Pickup Edition 1,"Electric motors with up to 11,500 lb-ft torque",200.0,"Up to 1,000",170,3.0,96550.0,Electric,5.0,"15,590"
GMC,Sierra Denali CarbonPro,6.2L V8 engine,6162.0,420,200,5.8,65000.0,Petrol,5.0,624
GMC,Yukon Denali Performance,6.2L V8 engine,6162.0,420,210,6.0,76805.0,Petrol,8.0,624
GMC,Sierra 2500HD Denali Black Edition,6.6L V8 engine,6600.0,401,170,7.5,75000.0,Petrol,5.0,629
GMC,Canyon AT4X,3.6L V6 engine,3564.0,308,180,6.9,50000.0,Petrol,5.0,373
GMC,Yukon XL SLT,5.3L V8 engine,5327.0,355,210,7.3,65000.0,Petrol,8.0,519
GMC,Sierra 2500HD Pro,6.6L V8 engine,6600.0,401,170,7.7,60000.0,Petrol,3.0,629
GMC,Sierra 3500HD Pro,6.6L V8 engine,6600.0,401,170,7.8,62000.0,Petrol,3.0,629
GMC,Terrain SLT,1.5L Turbocharged I4 engine,1490.0,170,200,9.4,31000.0,Petrol,5.0,275
GMC,Acadia SLE,3.6L V6 engine,3564.0,310,210,6.6,40000.0,Petrol,7.0,366
GMC,Canyon SLT,2.5L I4 engine,2488.0,200,175,8.6,38000.0,Petrol,5.0,259
GMC,Yukon XL Elevation,5.3L V8 engine,5327.0,355,210,7.4,75000.0,Petrol,8.0,519
GMC,Sierra 1500 AT4X,6.2L V8 engine,6162.0,420,200,5.9,82000.0,Petrol,5.0,624
GMC,Hummer EV SUV Extreme Off-Road,"Electric motors with up to 11,500 lb-ft torque",200.0,Up to 830,170,3.6,110000.0,Electric,5.0,"15,590"
GMC,Hummer EV Omega Edition,"Electric motors with up to 11,500 lb-ft torque",200.0,"Up to 1,000",170,3.0,112700.0,Electric,5.0,"15,590"
GMC,Canyon AT4X Edition 1,3.6L V6 engine,3564.0,308,180,6.8,55000.0,Petrol,5.0,373
GMC,Yukon Denali Ultimate Black,6.2L V8 engine,6162.0,420,210,6.0,90000.0,Petrol,8.0,624
GMC,Sierra HD Denali Reserve,6.6L V8 engine,6600.0,401,170,7.5,85000.0,Petrol,5.0,629
GMC,Acadia Denali Ultimate,3.6L V6 engine,3564.0,310,210,6.5,60000.0,Petrol,7.0,366
GMC,Terrain All-Terrain Edition,1.5L Turbocharged I4 engine,1490.0,170,200,9.3,35000.0,Petrol,5.0,275
GMC,Yukon Trailering Edition,5.3L V8 engine,5327.0,355,210,7.5,78000.0,Petrol,8.0,519
GMC,Hummer EV Adventure Series,"Electric motors with up to 11,500 lb-ft torque",200.0,Up to 830,170,3.6,105000.0,Electric,5.0,"15,590"
KIA,Rio,1.6L 4-Cylinder,1591.0,120,180,10.3,17000.0,Petrol,5.0,151
KIA,Rio 5-Door,1.6L 4-Cylinder,1591.0,120,180,10.3,18000.0,Petrol,5.0,151
KIA,Seltos Nightfall Edition,1.6L Turbocharged 4-Cylinder,1591.0,175,210,7.5,28000.0,Petrol,5.0,264
PEUGEOT,508 PSE (Peugeot Sport Engineered),Hybrid I4 + Electric Motor,1599.0,360,250,5.2,55000.0,Hybrid,5.0,520
KIA,Sorento X-Line,2.5L Turbocharged 4-Cylinder,2500.0,277,220,7.0,42000.0,Petrol,7.0,421
KIA,Telluride SX,3.8L V6,3778.0,291,240,7.0,50000.0,Petrol,7.0,355
KIA,Forte LXS,2.0L 4-Cylinder,1999.0,147,190,9.2,19000.0,Petrol,5.0,179
KIA,K5 EX,1.6L Turbocharged 4-Cylinder,1591.0,180,220,7.8,28500.0,Petrol,5.0,264
KIA,Niro Plug-In Hybrid,1.6L 4-Cylinder Hybrid,1591.0,139,180,10.5,33000.0,Hybrid,5.0,265
KIA,EV6 Wind,Electric Motor,774.0,225,190,5.2,50000.0,Electric,5.0,350
KIA,Soul Turbo,1.6L Turbocharged 4-Cylinder,1591.0,201,200,6.5,28000.0,Petrol,5.0,264
KIA,Seltos SX,1.6L Turbocharged 4-Cylinder,1591.0,175,210,7.5,28500.0,Petrol,5.0,264
KIA,Stinger Scorpion Edition,2.5L Turbocharged 4-Cylinder,2500.0,300,270,5.0,55000.0,Petrol,5.0,422
KIA,Sorento Hybrid SX Prestige,1.6L Hybrid Turbocharged 4-Cylinder,1591.0,227,200,7.9,47000.0,Hybrid,7.0,352
KIA,Carnival EX,3.5L V6,3500.0,290,220,8.0,42500.0,Petrol,8.0,355
KIA,Telluride Nightfall Edition,3.8L V6,3778.0,291,240,7.0,51000.0,Petrol,7.0,355
PEUGEOT,508 Plug-In Hybrid,Hybrid I4 + Electric Motor,1598.0,225,210,7.5,44000.0,Hybrid,5.0,360
KIA,EV6 First Edition,Electric Motor,774.0,320,230,5.0,58000.0,Electric,5.0,450
KIA,Niro Touring,1.6L 4-Cylinder Hybrid,1591.0,139,180,10.5,33000.0,Hybrid,5.0,265
KIA,Forte GT-Line,1.6L Turbocharged 4-Cylinder,1591.0,201,200,6.5,25000.0,Petrol,5.0,264
KIA,Seltos EX,2.0L 4-Cylinder,1999.0,146,190,9.0,23500.0,Petrol,5.0,179
PEUGEOT,3008 Plug-In Hybrid,Hybrid I4 + Electric Motor,1598.0,225,210,7.0,42000.0,Hybrid,5.0,360
KIA,Sorento LX,2.5L 4-Cylinder,2500.0,191,210,8.5,35500.0,Petrol,7.0,246
KIA,Telluride EX,3.8L V6,3778.0,291,240,7.0,44000.0,Petrol,7.0,355
KIA,Soul EX,2.0L 4-Cylinder,1999.0,147,190,9.5,22000.0,Petrol,5.0,179
KIA,Forte FE,2.0L 4-Cylinder,1999.0,147,190,9.2,18500.0,Petrol,5.0,179
KIA,K5 GT-Line,1.6L Turbocharged 4-Cylinder,1591.0,180,220,7.8,29000.0,Petrol,5.0,264
KIA,Carnival LXS,3.5L V6,3500.0,290,220,8.0,39500.0,Petrol,8.0,355
KIA,EV6 Light,Electric Motor,774.0,225,190,5.2,46000.0,Electric,5.0,350
KIA,Niro EX,1.6L 4-Cylinder Hybrid,1591.0,139,180,10.5,30000.0,Hybrid,5.0,265
KIA,Telluride SX Prestige,3.8L V6,3778.0,291,240,7.0,52000.0,Petrol,7.0,355
PEUGEOT,508 Hybrid4,Hybrid I4 + Electric Motor,1598.0,300,235,6.0,47000.0,Hybrid,5.0,520
KIA,EV6 GT Performance,Electric Motor,774.0,577,260,3.5,65000.0,Electric,5.0,740
KIA,Niro SX Touring,1.6L 4-Cylinder Hybrid,1591.0,139,180,10.5,34500.0,Hybrid,5.0,265
KIA,Carnival SX Prestige,3.5L V6,3500.0,290,220,8.0,47000.0,Petrol,8.0,355
KIA,Seltos SX Turbo,1.6L Turbocharged 4-Cylinder,1591.0,175,210,7.5,32000.0,Petrol,5.0,264
KIA,Forte EX Premium,2.0L 4-Cylinder,1999.0,147,190,9.2,22500.0,Petrol,5.0,179
KIA,Soul EX Designer Edition,2.0L 4-Cylinder,1999.0,147,190,9.5,23500.0,Petrol,5.0,179
KIA,Rio S,1.6L 4-Cylinder,1591.0,120,180,10.3,17500.0,Petrol,5.0,151
KIA,Rio 5-Door S,1.6L 4-Cylinder,1591.0,120,180,10.3,18000.0,Petrol,5.0,151
KIA,Soul S,2.0L 4-Cylinder,1999.0,147,190,9.5,20500.0,Petrol,5.0,179
KIA,Seltos LX,2.0L 4-Cylinder,1999.0,146,190,9.2,23000.0,Petrol,5.0,179
KIA,Sorento Hybrid EX,1.6L Hybrid Turbocharged 4-Cylinder,1591.0,227,200,7.9,47000.0,Hybrid,7.0,352
KIA,Telluride LX,3.8L V6,3778.0,291,240,7.0,41500.0,Petrol,7.0,355
KIA,Carnival MPV EX,3.5L V6,3500.0,290,220,8.0,43500.0,Petrol,8.0,355
KIA,EV6 AWD GT-Line,Electric Motor,774.0,320,230,5.0,60000.0,Electric,5.0,450
KIA,Forte GT Turbo,1.6L Turbocharged 4-Cylinder,1591.0,201,200,6.5,25500.0,Petrol,5.0,264
KIA,Soul GT Designer Edition,2.0L 4-Cylinder,1999.0,147,190,9.5,23000.0,Petrol,5.0,179
KIA,Seltos X-Line Turbo,1.6L Turbocharged 4-Cylinder,1591.0,175,210,7.5,30000.0,Petrol,5.0,264
PEUGEOT,e-2008 GT,Electric Motor,50.0,136,200,8.5,40000.0,Electric,5.0,260
KIA,Telluride Limited Edition,3.8L V6,3778.0,291,240,7.0,53000.0,Petrol,7.0,355
KIA,Stinger GT-Line,2.5L Turbocharged 4-Cylinder,2500.0,300,270,5.0,50000.0,Petrol,5.0,422
KIA,Carnival Special Edition,3.5L V6,3500.0,290,220,8.0,45500.0,Petrol,8.0,355
KIA,Niro SX Hybrid,1.6L Hybrid Turbocharged 4-Cylinder,1591.0,139,180,10.5,36000.0,Hybrid,5.0,265
KIA,EV6 First Edition AWD,Electric Motor,774.0,320,230,5.0,62000.0,Electric,5.0,450
KIA,Sorento X-Pro Hybrid,1.6L Hybrid Turbocharged 4-Cylinder,1591.0,227,200,7.8,49000.0,Hybrid,7.0,352
KIA,Forte Limited Edition,2.0L 4-Cylinder,1999.0,147,190,9.2,22500.0,Petrol,5.0,179
BUGATTI,Chiron,8.0L Quad-Turbo W16,7993.0,1500,420,2.5,3000000.0,Petrol,2.0,1600
BUGATTI,Chiron Pur Sport,8.0L Quad-Turbo W16,7993.0,1500,350,2.3,3300000.0,Petrol,2.0,1600
BUGATTI,Chiron Super Sport,8.0L Quad-Turbo W16,7993.0,1600,490,2.4,3500000.0,Petrol,2.0,1600
BUGATTI,Chiron Sport,8.0L Quad-Turbo W16,7993.0,1500,420,2.4,3300000.0,Petrol,2.0,1600
BUGATTI,Chiron Noire,8.0L Quad-Turbo W16,7993.0,1500,420,2.5,3300000.0,Petrol,2.0,1600
BUGATTI,Divo,8.0L Quad-Turbo W16,7993.0,1500,380,2.4,5800000.0,Petrol,2.0,1600
BUGATTI,Centodieci,8.0L Quad-Turbo W16,7993.0,1600,380,2.4,9000000.0,Petrol,2.0,1600
BUGATTI,La Voiture Noire,8.0L Quad-Turbo W16,7993.0,1500,420,2.5,18000000.0,Petrol,2.0,1600
BUGATTI,Bolide,8.0L Quad-Turbo W16,7993.0,1850,500,2.2,4500000.0,Petrol,2.0,1600
BUGATTI,Mistral,8.0L Quad-Turbo W16,7993.0,1600,420,2.4,5000000.0,Petrol,2.0,1600
VOLVO,Volvo FH,13.0L I6 Turbo Diesel,13000.0,540,120,15.0,120000.0,Diesel,2.0,2600
VOLVO,Volvo FM,12.8L I6 Turbo Diesel,12800.0,460,110,16.0,100000.0,Diesel,2.0,2200
VOLVO,Volvo FMX,13.0L I6 Turbo Diesel,13000.0,500,110,16.5,110000.0,Diesel,2.0,2500
VOLVO,Volvo VNL,12.8L I6 Turbo Diesel,12800.0,500,120,15.0,125000.0,Diesel,2.0,2400
VOLVO,Volvo VNR,12.8L I6 Turbo Diesel,12800.0,400,110,17.0,95000.0,Diesel,2.0,1800
VOLVO,Volvo VHD,12.8L I6 Turbo Diesel,12800.0,500,100,18.0,120000.0,Diesel,2.0,2500
JAGUAR LAND ROVER,Jaguar XE,I4 Petrol,19994.0,250,250,6.5,45000.0,Petrol,5.0,365
JAGUAR LAND ROVER,Jaguar XF,I4 Petrol,19994.0,250,250,6.5,50000.0,Petrol,5.0,365
JAGUAR LAND ROVER,Jaguar XJ,V6 Petrol,29956.0,300,250,6.0,85000.0,Petrol,5.0,400
JAGUAR LAND ROVER,Jaguar E-PACE,I4 Petrol,19994.0,200,230,7.0,50000.0,Petrol,5.0,430
JAGUAR LAND ROVER,Jaguar I-PACE,Electric (Dual Motor),90.0,400,200,4.8,70000.0,Electric,5.0,696
JAGUAR LAND ROVER,Jaguar F-PACE,I4 Petrol / V6 Petrol,1999429956.0,250 / 340,230,,,Petrol,5.0,365 / 480
JAGUAR LAND ROVER,Jaguar X-TYPE,I4 Petrol,19984.0,160,215,9.0,40000.0,Petrol,5.0,215
JAGUAR LAND ROVER,Jaguar F-PACE R-Dynamic,I4 Petrol / V6 Petrol,1999429956.0,340,250,5.4,65000.0,Petrol,5.0,480
JAGUAR LAND ROVER,Jaguar XE R-Dynamic,I4 Petrol,19994.0,340,250,5.4,60000.0,Petrol,5.0,450
JAGUAR LAND ROVER,Jaguar F-Type SVR,V8 Petrol,50008.0,575,320,3.7,120000.0,Petrol,2.0,700
JAGUAR LAND ROVER,Jaguar I-PACE Electric Performance,Electric (Dual Motor),90.0,400,200,4.5,85000.0,Electric,5.0,696
JAGUAR LAND ROVER,Jaguar F-PACE SVR,V8 Petrol,50008.0,550,283,4.0,85000.0,Petrol,5.0,700
JAGUAR LAND ROVER,Jaguar XE S,I4 Petrol,19994.0,340,250,5.3,55000.0,Petrol,5.0,450
JAGUAR LAND ROVER,Jaguar XF R-Dynamic,I4 Petrol / V6 Petrol,1999429956.0,340,250,5.4,65000.0,Petrol,5.0,480
JAGUAR LAND ROVER,Jaguar XJ LWB (Long Wheelbase),V6 Petrol,29956.0,300,250,6.0,90000.0,Petrol,5.0,400
JAGUAR LAND ROVER,Jaguar F-Type Heritage Edition,V8 Petrol,50008.0,550,300,3.9,110000.0,Petrol,2.0,680
JAGUAR LAND ROVER,Jaguar E-PACE S,I4 Petrol,19994.0,200,230,7.0,50000.0,Petrol,5.0,430
JAGUAR LAND ROVER,Jaguar I-PACE HSE,Electric (Dual Motor),90.0,400,200,4.5,90000.0,Electric,5.0,696
JAGUAR LAND ROVER,Jaguar F-Type V8 R,V8 Petrol,50008.0,550,300,3.9,100000.0,Petrol,2.0,680
JAGUAR LAND ROVER,Jaguar F-Type R-Dynamic,I4 Petrol / V6 Petrol,1999429956.0,300,250,5.1,70000.0,Petrol,2.0,400
JAGUAR LAND ROVER,Jaguar XE P300 R-Dynamic,I4 Petrol,19994.0,300,250,5.5,55000.0,Petrol,5.0,400
JAGUAR LAND ROVER,Jaguar XF Sportbrake,I4 Petrol / V6 Petrol,1999429956.0,250,250,6.5,60000.0,Petrol,5.0,400
JAGUAR LAND ROVER,Jaguar I-PACE EV400 HSE,Electric (Dual Motor),90.0,400,200,4.5,85000.0,Electric,5.0,696
JAGUAR LAND ROVER,Jaguar F-PACE S 30t AWD,I4 Petrol,19994.0,247,225,6.4,60000.0,Petrol,5.0,365
JAGUAR LAND ROVER,Jaguar E-PACE R-Dynamic,I4 Petrol,19994.0,246,230,6.8,55000.0,Petrol,5.0,430
JAGUAR LAND ROVER,Jaguar XJ50,V6 Petrol,29956.0,300,250,6.0,80000.0,Petrol,5.0,400
JAGUAR LAND ROVER,Jaguar F-Type 75th Anniversary Edition,V8 Petrol,50008.0,550,300,3.9,100000.0,Petrol,2.0,680
JAGUAR LAND ROVER,Jaguar F-PACE S AWD,I4 Petrol / V6 Petrol,1999429956.0,340,250,5.4,65000.0,Petrol,5.0,480
JAGUAR LAND ROVER,Jaguar XE SE,I4 Petrol,19994.0,250,240,6.2,50000.0,Petrol,5.0,365
JAGUAR LAND ROVER,Jaguar F-Type V6 S Convertible,V6 Petrol,29956.0,380,280,4.8,80000.0,Petrol,2.0,460
JAGUAR LAND ROVER,Jaguar XE R-Sport AWD,I4 Petrol / V6 Petrol,1999429956.0,300,250,5.5,55000.0,Petrol,5.0,400
JAGUAR LAND ROVER,Jaguar XF Portfolio AWD,I4 Petrol / V6 Petrol,1999429956.0,340,250,5.4,60000.0,Petrol,5.0,450
JAGUAR LAND ROVER,Jaguar F-Type Coupe R,V8 Petrol,50008.0,550,300,3.9,100000.0,Petrol,2.0,680
JAGUAR LAND ROVER,Jaguar I-PACE First Edition,Electric (Dual Motor),90.0,400,200,4.5,85000.0,Electric,5.0,696
JAGUAR LAND ROVER,Jaguar F-PACE Prestige AWD,I4 Petrol / V6 Petrol,1999429956.0,340,250,5.4,65000.0,Petrol,5.0,480
JAGUAR LAND ROVER,Jaguar XJ Supercharged,V8 Petrol,50008.0,510,280,4.2,90000.0,Petrol,5.0,625
JAGUAR LAND ROVER,Jaguar F-Type P450 AWD,V8 Petrol,50008.0,450,290,4.0,90000.0,Petrol,2.0,600
JAGUAR LAND ROVER,Jaguar F-Type P300 Coupe,I4 Petrol,19994.0,300,250,5.5,60000.0,Petrol,2.0,400
ACURA,NSX Type S,Twin-Turbo V6 Hybrid,34936.0,600,307,2.9,157000.0,Hybrid,2.0,666
ACURA,TLX PMC Edition,V6,35006.0,290,250,5.7,62000.0,Petrol,5.0,362
ACURA,MDX Advance,V6,35006.0,290,190,6.0,60000.0,Petrol,7.0,362
ACURA,RDX Technology,I4 Turbocharged,15004.0,272,210,6.6,45000.0,Petrol,5.0,400
ACURA,ILX Premium,I4,24004.0,201,200,6.6,30000.0,Petrol,5.0,180
ACURA,TLX A-Spec,V6,35006.0,290,250,5.7,50000.0,Petrol,5.0,362
ACURA,RDX SH-AWD,I4 Turbocharged,15004.0,272,210,6.6,50000.0,Petrol,5.0,400
ACURA,MDX SH-AWD,V6,35006.0,290,190,6.0,55000.0,Petrol,7.0,362
ACURA,RDX Platinum Elite,I4 Turbocharged,15004.0,272,210,6.6,55000.0,Petrol,5.0,400
ACURA,TLX A-Spec Sedan,V6,35006.0,290,250,5.7,50000.0,Petrol,5.0,362
ACURA,TLX 2.4L,Inline-4,2400.0,206,210,6.0,35000.0,Petrol,5.0,247
ACURA,MDX Hybrid,V6 Hybrid,3500.0,321,190,6.0,55000.0,Hybrid,7.0,335
ACURA,ILX Technology Package,Inline-4,2400.0,201,200,6.6,30000.0,Petrol,5.0,180
ACURA,NSX GT3 (Track Version),Twin-Turbo V6 Hybrid,3493.0,500,300,3.0,150000.0,Hybrid,2.0,600
ACURA,TLX 3.5L V6,V6,3500.0,290,250,5.7,50000.0,Petrol,5.0,362
ACURA,ILX Special Edition,Inline-4,2400.0,201,200,6.6,30000.0,Petrol,5.0,180
ACURA,MDX SH-AWD w/Technology Package,V6,3500.0,290,190,6.0,55000.0,Petrol,7.0,362
ACURA,NSX 3.5L Hybrid Coupe,Twin-Turbo V6 Hybrid,3493.0,537,307,2.9,157000.0,Hybrid,2.0,666
ACURA,MDX Elite,V6,3500.0,290,190,6.0,58000.0,Petrol,7.0,362
ACURA,TLX V6 Advance,V6,3500.0,290,250,5.7,46000.0,Petrol,5.0,362
ACURA,NSX Carbon Edition,Twin-Turbo V6 Hybrid,3493.0,537,307,2.9,157000.0,Hybrid,2.0,666
ACURA,ILX Technology Plus,Inline-4,2400.0,201,200,6.6,28000.0,Petrol,5.0,180
ACURA,TLX Type S PMC Edition,Turbocharged V6,3000.0,355,250,5.1,54000.0,Petrol,5.0,480
ACURA,MDX Sport Hybrid,V6 Hybrid,3500.0,321,190,6.0,52000.0,Hybrid,7.0,335
PEUGEOT,208,Inline-4,1199.0,82,180,10.5,22000.0,Petrol,5.0,160
PEUGEOT,2008,Inline-4,1199.0,100,190,9.0,25000.0,Petrol,5.0,205
PEUGEOT,301,Inline-4,1598.0,115,185,10.0,23500.0,Petrol,5.0,150
PEUGEOT,308,Inline-4,1598.0,130,200,8.0,28000.0,Petrol,5.0,230
PEUGEOT,3008,Inline-4,1598.0,180,210,7.5,32000.0,Petrol,5.0,400
PEUGEOT,5008,Inline-4,1998.0,165,200,9.5,35000.0,Diesel,7.0,400
PEUGEOT,508,Inline-4,1998.0,180,235,8.0,35500.0,Petrol,5.0,300
PEUGEOT,Partner,Diesel I4,1560.0,75,160,12.0,22500.0,Diesel,5.0,200
PEUGEOT,Expert,Diesel I4,1997.0,120,180,10.0,30000.0,Diesel,3.0,300
PEUGEOT,Boxer,Diesel I4,2200.0,140,160,11.0,32000.0,Diesel,3.0,340
PEUGEOT,e-208,Electric Motor,50.0,136,150,8.1,35000.0,Electric,5.0,260
PEUGEOT,e-2008,Electric Motor,50.0,136,150,8.5,38000.0,Electric,5.0,260
PEUGEOT,208 GTI,Inline-4,1598.0,208,230,6.5,28000.0,Petrol,5.0,300
PEUGEOT,308 GTI,Inline-4,1598.0,270,250,6.0,35000.0,Petrol,5.0,330
PEUGEOT,508 PSE (Peugeot Sport Engineered),Hybrid I4,1598.0,360,250,5.2,55000.0,Hybrid,5.0,520
PEUGEOT,308 Allure,Inline-4,1199.0,130,205,9.3,25000.0,Petrol,5.0,230
PEUGEOT,2008 Allure,Inline-4,1199.0,130,200,9.7,27000.0,Petrol,5.0,230
PEUGEOT,3008 Allure,Inline-4,1499.0,180,210,8.0,30000.0,Petrol,5.0,250
PEUGEOT,5008 Allure,Inline-4,1499.0,180,200,8.5,33000.0,Petrol,7.0,250
PEUGEOT,508 Allure,Inline-4,1499.0,180,225,8.0,35000.0,Petrol,5.0,250
PEUGEOT,3008 GT,Inline-4,1598.0,200,220,7.5,35000.0,Petrol,5.0,280
PEUGEOT,508 GT,Inline-4,1598.0,225,235,6.8,40000.0,Petrol,5.0,300
PEUGEOT,3008 GT Hybrid,Hybrid I4,1598.0,300,235,6.0,45000.0,Hybrid,5.0,400
PEUGEOT,5008 GT Hybrid,Hybrid I4,1598.0,300,210,6.5,48000.0,Hybrid,7.0,400
PEUGEOT,208 Allure Premium,Inline-4,1199.0,130,200,9.5,28000.0,Petrol,5.0,230
PEUGEOT,Partner Tepee,Inline-4,1560.0,100,170,12.0,25000.0,Diesel,5.0,260
PEUGEOT,Expert L2H1,Inline-4,1997.0,120,160,13.0,30000.0,Diesel,3.0,320
PEUGEOT,Boxer L2H2,Inline-4,2200.0,130,140,14.0,35000.0,Diesel,3.0,350
PEUGEOT,Partner Electric,Electric Motor,,136,130,9.0,40000.0,Electric,5.0,260
PEUGEOT,Expert Electric,Electric Motor,,136,130,9.5,45000.0,Electric,5.0,260
PEUGEOT,208 PSE (Peugeot Sport Engineered),Hybrid I4,1598.0,225,250,5.5,45000.0,Hybrid,5.0,360
PEUGEOT,308 PSE,Hybrid I4,1598.0,360,250,5.0,55000.0,Hybrid,5.0,520
PEUGEOT,508 PSE,Hybrid I4,1598.0,360,250,5.2,60000.0,Hybrid,5.0,520
PEUGEOT,3008 PSE,Hybrid I4,1598.0,300,235,6.0,50000.0,Hybrid,5.0,400
PEUGEOT,2008 Active,Inline-4,1199.0,100,190,11.2,22000.0,Petrol,5.0,205
PEUGEOT,3008 Active,Inline-4,1499.0,130,200,10.0,30000.0,Petrol,5.0,240
PEUGEOT,5008 Active,Inline-4,1499.0,130,190,10.5,33000.0,Petrol,7.0,240
PEUGEOT,3008 Allure Premium,Inline-4,1499.0,130,200,9.8,32000.0,Petrol,5.0,240
PEUGEOT,5008 Allure Premium,Inline-4,1499.0,130,190,10.2,35000.0,Petrol,7.0,240
PEUGEOT,3008 GT Line,Inline-4,1598.0,180,210,8.5,35000.0,Petrol,5.0,250
PEUGEOT,5008 GT Line,Inline-4,1598.0,180,200,9.0,38000.0,Petrol,7.0,250
PEUGEOT,2008 GT,Inline-4,1199.0,130,200,9.3,25000.0,Petrol,5.0,230
PEUGEOT,5008 GT,Inline-4,1598.0,180,210,8.2,40000.0,Petrol,7.0,250
PEUGEOT,508 SW (Station Wagon),Inline-4,1598.0,180,220,8.4,35000.0,Petrol,5.0,300
PEUGEOT,508 Saloon,Inline-4,1598.0,180,210,8.6,37000.0,Petrol,5.0,300
PEUGEOT,308 Saloon,Inline-4,1199.0,130,200,9.0,28000.0,Petrol,5.0,230
PEUGEOT,301 Sedan,Inline-4,1199.0,82,180,12.0,20000.0,Petrol,5.0,115
PEUGEOT,208 Sedan,Inline-4,1199.0,100,190,11.2,22000.0,Petrol,5.0,205
FORD,KA+,1.2L Petrol,1200.0,70 - 85,165,10.5,13500.0,Petrol,5.0,100 - 140
FORD,Mustang Mach-E,Electric Motor,6898.0,290-480,180,,52000.0,Electric,5.0,430 (GT Model)
FORD,F-150 Lightning,Electric Motor,98.0,452,180,4.5,65000.0,Electric,5.0,1051
FORD,Mustang,5.0L V8,5000.0,450,250,4.3,55000.0,Petrol,4.0,530
FORD,GT,3.5L Twin-Turbo V6,3500.0,660,348,3.0,500000.0,Petrol,2.0,746
FORD,Fiesta ST,1.5L Turbo Inline-3,1500.0,200,230,6.5,23000.0,Petrol,5.0,290
FORD,Bronco Raptor,3.0L Twin-Turbo V6,3000.0,400,220,5.5,70000.0,Petrol,4.0,583
FORD,F-150 Raptor,3.5L Twin-Turbo V6,3500.0,450,200,5.0,70000.0,Petrol,5.0,691
FORD,Territory,Turbocharged Inline-4,1500.0,140,180,11.0,32000.0,Petrol,5.0,225
FORD,Everest,Turbocharged Inline-4,2000.0,210,190,10.5,52000.0,Diesel,7.0,500
FORD,Transit,EcoBlue Turbo Diesel,2000.0,170,160,12.0,43455.0,Diesel,,405
FORD,F-450 Super Duty,Turbocharged V8 Diesel,6700.0,475,165,8.5,61625.0,Diesel,,"1,424"
FORD,F-550 Super Duty,Turbocharged V8 Diesel,6700.0,475,165,8.8,64540.0,Diesel,,"1,424"
FORD,F-150 Platinum,Turbocharged V6,3500.0,400,180,6.5,64695.0,Petrol,5.0,678
FORD,F-150 Limited,Turbocharged V6,3500.0,450,190,6.1,84910.0,Petrol,5.0,678
FORD,Explorer Platinum,Turbocharged V6,3000.0,400,230,6.0,56505.0,Petrol,7.0,563
FORD,Expedition King Ranch,Turbocharged V6,3500.0,440,210,6.8,79560.0,Petrol,,691
FORD,Transit Custom,EcoBlue Turbo Diesel,2000.0,130,160,12.5,35000.0,Diesel,,385
FORD,E-Series Cutaway,V8 Gasoline Engine,7300.0,350,140,13.0,36000.0,Petrol,2.0,569
FORD,Transit Chassis Cab,EcoBlue Turbo Diesel,2000.0,170,160,11.5,37000.0,Diesel,2.0,405
FORD,Transit Electric (E-Transit),Electric Motor,89.0,266,140,9.0,52000.0,Electric,,430
FORD,Maverick Hybrid,I4 Hybrid,2500.0,191,180,7.8,25000.0,Hybrid,5.0,210
FORD,Mustang (2024),V8 Gasoline Engine,5000.0,450,250,4.5,60000.0,Petrol,4.0,570
FORD,Escape Plug-in Hybrid (2024),I4 Hybrid,2500.0,221,190,7.5,38000.0,Hybrid,5.0,210
MITSUBISHI,Mirage,1.2L MIVEC,1200.0,78,170,12.0,17000.0,Petrol,5.0,100
MITSUBISHI,Mirage G4,1.2L MIVEC,1200.0,78,170,12.0,18000.0,Petrol,5.0,100
MITSUBISHI,Outlander,2.5L 4-Cylinder,2500.0,181,190,9.5,31500.0,Petrol,7.0,245
MITSUBISHI,Eclipse Cross,1.5L Turbo,1500.0,152,180,9.8,26500.0,Petrol,5.0,250
MITSUBISHI,ASX (Outlander Sport),2.0L MIVEC,2000.0,148,190,10.0,24500.0,Petrol,5.0,197
MITSUBISHI,Pajero,3.2L Diesel Turbo,3200.0,189,180,10.5,42500.0,Diesel,7.0,441
MITSUBISHI,Pajero Sport,2.4L Diesel Turbo,2400.0,181,180,11.0,37500.0,Diesel,7.0,430
MITSUBISHI,Triton (L200),2.4L Diesel Turbo,2400.0,181,177,10.5,30000.0,Diesel,5.0,430
MITSUBISHI,i-MiEV (Electric),Electric Motor,16.0,66,130,15.0,24500.0,Electric,4.0,196
MITSUBISHI,Xpander,1.5L MIVEC,1500.0,105,170,13.5,22500.0,Petrol,7.0,141
MITSUBISHI,Outlander Black Edition,2.5L 4-Cylinder,2500.0,181,190,9.5,33500.0,Petrol,7.0,245
MITSUBISHI,Outlander SEL,2.5L 4-Cylinder,2500.0,181,190,9.5,32500.0,Petrol,7.0,245
MITSUBISHI,Outlander SE,2.5L 4-Cylinder,2500.0,181,190,9.5,30500.0,Petrol,7.0,245
MITSUBISHI,Eclipse Cross Black Edition,1.5L Turbo,1500.0,152,180,9.8,29000.0,Petrol,5.0,250
MITSUBISHI,ASX Exceed,2.0L MIVEC,2000.0,148,190,10.0,27000.0,Petrol,5.0,197
MITSUBISHI,Triton Athlete,2.4L Diesel Turbo,2400.0,181,177,10.5,31000.0,Diesel,5.0,430
MITSUBISHI,Pajero Final Edition,3.2L Diesel Turbo,3200.0,189,180,10.5,47500.0,Diesel,7.0,441
MITSUBISHI,L200 Barbarian X,2.4L Diesel Turbo,2400.0,181,177,10.5,32500.0,Diesel,5.0,430
MITSUBISHI,Space Star,1.2L MIVEC,1200.0,78,170,12.0,16000.0,Petrol,5.0,100
MITSUBISHI,Montero Sport,2.4L Diesel Turbo,2400.0,181,180,11.0,37500.0,Diesel,7.0,430
MITSUBISHI,Attrage,1.2L MIVEC,1200.0,78,170,12.5,16000.0,Petrol,5.0,100
MITSUBISHI,RVR SE,2.0L MIVEC,2000.0,148,190,10.5,24000.0,Petrol,5.0,197
MITSUBISHI,Pajero GLS,3.2L Diesel Turbo,3200.0,189,180,10.5,47500.0,Diesel,7.0,441
MITSUBISHI,Xpander Cross,1.5L MIVEC,1500.0,105,170,12.0,22500.0,Petrol,7.0,141
MITSUBISHI,Outlander ES,2.5L 4-Cylinder,2500.0,181,190,9.5,29000.0,Petrol,7.0,245
MITSUBISHI,Montero GLX,2.4L Diesel Turbo,2400.0,181,180,11.0,37500.0,Diesel,7.0,430
MITSUBISHI,Triton GLX-R,2.4L Diesel Turbo,2400.0,181,177,10.5,31000.0,Diesel,5.0,430
MITSUBISHI,ASX Dynamic,2.0L MIVEC,2000.0,148,190,10.0,26500.0,Petrol,5.0,197
MITSUBISHI,Mirage ES,1.2L MIVEC,1200.0,78,170,12.5,16000.0,Petrol,5.0,100
MITSUBISHI,Outlander LE,2.5L 4-Cylinder,2500.0,181,190,9.5,32500.0,Petrol,7.0,245
MITSUBISHI,Space Runner,1.8L MIVEC,1800.0,140,185,10.5,21500.0,Petrol,5.0,170
MITSUBISHI,Toppo BJ,0.7L 3-Cylinder,660.0,52,130,15.0,11000.0,Petrol,4.0,60
MITSUBISHI,Chariot,2.0L MIVEC,2000.0,140,185,10.5,21500.0,Petrol,7.0,170
MITSUBISHI,Lancer SE Limited,2.0L MIVEC,2000.0,148,200,10.0,22500.0,Petrol,5.0,197
MITSUBISHI,Pajero SWB (Short Wheel Base),3.2L Diesel Turbo,3200.0,189,180,10.5,47500.0,Diesel,5.0,441
MITSUBISHI,i (Kei Car),0.7L 3-Cylinder,660.0,64,130,15.5,13500.0,Petrol,4.0,94
MITSUBISHI,Dion,2.0L 4-Cylinder,2000.0,135,180,11.5,16500.0,Petrol,7.0,181
MITSUBISHI,eK Space,0.7L 3-Cylinder,660.0,52,130,15.0,11000.0,Petrol,4.0,60
MITSUBISHI,eK X,0.7L 3-Cylinder,660.0,64,140,13.5,13500.0,Petrol,4.0,94
MITSUBISHI,Galant Fortis,2.0L MIVEC,2000.0,154,200,10.0,20000.0,Petrol,5.0,200
MITSUBISHI,Endeavor,3.8L V6,3800.0,225,190,9.5,31500.0,Petrol,5.0,343
MITSUBISHI,Grand Lancer,1.8L MIVEC,1800.0,138,190,11.5,22500.0,Petrol,5.0,173
MITSUBISHI,Sigma,3.0L V6,3000.0,210,220,8.5,37500.0,Petrol,5.0,270
MITSUBISHI,Town Box,0.7L 3-Cylinder,660.0,48,120,16.0,11000.0,Petrol,4.0,60
MITSUBISHI,Minicab MiEV,Electric Motor,16.0,64,100,,19000.0,Electric,2.0,196
MAZDA,Mazda3,2.0L SkyActiv-G,2000.0,155,200,8.9,24000.0,Petrol,5.0,213
MAZDA,Mazda3 Hatchback,2.5L SkyActiv-G,2500.0,186,210,8.3,26000.0,Petrol,5.0,252
MAZDA,Mazda6,2.5L Turbocharged,2500.0,250,240,6.4,31000.0,Petrol,5.0,420
MAZDA,CX-3,2.0L SkyActiv-G,2000.0,146,180,9.5,23000.0,Petrol,5.0,197
MAZDA,CX-30,2.5L SkyActiv-G,2500.0,186,204,8.7,25500.0,Petrol,5.0,252
MAZDA,CX-5,2.5L SkyActiv-G,2500.0,187,200,8.8,29000.0,Petrol,5.0,252
MAZDA,CX-50,2.5L Turbocharged,2500.0,256,220,6.9,32500.0,Petrol,5.0,434
MAZDA,CX-9,2.5L Turbocharged,2500.0,250,210,7.2,41500.0,Petrol,7.0,420
MAZDA,MX-5 Miata,2.0L SkyActiv-G,2000.0,181,225,6.5,30000.0,Petrol,2.0,205
MAZDA,MX-5 Miata RF,2.0L SkyActiv-G,2000.0,181,225,6.5,36500.0,Petrol,2.0,205
MAZDA,MX-30 Electric,Electric Motor,355.0,143,140,9.7,35000.0,Electric,5.0,271
MAZDA,CX-4,2.0L SkyActiv-G,2000.0,158,190,9.6,25000.0,Petrol,5.0,202
MAZDA,Tribute,3.0L V6,3000.0,200,190,9.0,27000.0,Petrol,5.0,270
MAZDA,323F,1.6L Inline-4,1600.0,105,180,10.5,16000.0,Petrol,5.0,145
MAZDA,Familia Sedan,1.5L Inline-4,1500.0,100,175,11.0,14000.0,Petrol,5.0,135
MAZDA,Premacy,2.0L Inline-4,2000.0,138,190,9.8,21000.0,Petrol,7.0,180
MAZDA,Atenza,2.5L SkyActiv-G,2500.0,192,210,8.5,25000.0,Petrol,5.0,252
MAZDA,626,2.0L Inline-4,2000.0,140,190,9.5,20000.0,Petrol,5.0,180
MAZDA,929,3.0L V6,3000.0,205,220,8.0,27500.0,Petrol,5.0,270
MAZDA,Capella,1.6L Inline-4,1600.0,110,175,11.2,16000.0,Petrol,5.0,145
MAZDA,Carol,660cc Inline-3,660.0,63,140,15.5,10500.0,Petrol,4.0,90
MAZDA,Spiano,660cc Inline-3,660.0,54,130,16.0,9000.0,Petrol,4.0,80
MAZDA,Verisa,1.5L Inline-4,1500.0,113,170,11.0,16000.0,Petrol,5.0,140
MAZDA,MX-6,2.5L V6,2500.0,164,210,8.8,21000.0,Petrol,4.0,215
MAZDA,MPV,3.0L V6,3000.0,200,185,9.5,27500.0,Petrol,7.0,265
MAZDA,Sentia,3.0L V6,3000.0,200,200,9.0,25000.0,Petrol,5.0,265
MAZDA,Cronos,2.5L V6,2500.0,160,190,8.5,20000.0,Petrol,5.0,210
MAZDA,Scrum,660cc Inline-3,660.0,63,130,15.0,10000.0,Petrol,4.0,85
MAZDA,Parkway,1.8L Inline-4,1800.0,115,160,12.5,22500.0,Petrol,5.0,155
MAZDA,T1500,1.5L Inline-4,1500.0,75,120,18.0,16500.0,Petrol,2.0,105
MAZDA,Revue,1.3L Inline-4,1300.0,75,130,15.5,11000.0,Petrol,5.0,110
MAZDA,Proteg\E9,1.8L Inline-4,1800.0,125,185,9.0,16500.0,Petrol,5.0,170
MAZDA,Xedos 6,2.5L V6,2500.0,170,215,8.5,27500.0,Petrol,5.0,230
MAZDA,Xedos 9,3.0L V6,3000.0,200,220,7.5,32500.0,Petrol,5.0,260
MAZDA,121,1.3L Inline-4,1300.0,70,155,13.0,13500.0,Petrol,5.0,110
MAZDA,1500,1.5L Inline-4,1500.0,85,145,14.0,13500.0,Petrol,5.0,120
MAZDA,RX-2,1.3L Inline-2 (Wankel),1308.0,130,185,8.5,22500.0,Petrol,4.0,220
MAZDA,RX-7 Spirit R,1.3L Inline-2 (Wankel),1308.0,280,250,5.5,37500.0,Petrol,2.0,290
MAZDA,Eunos 500,2.0L Inline-4,1998.0,135,200,9.0,26500.0,Petrol,5.0,170
MAZDA,Eunos Roadster,1.6L Inline-4,1590.0,116,180,9.5,16500.0,Petrol,2.0,140
MAZDA,Familia Astina,1.8L Inline-4,1800.0,135,200,8.5,21000.0,Petrol,5.0,170
MAZDA,Savanna RX-7,1.3L Inline-2 (Wankel),1308.0,165,230,7.5,30000.0,Petrol,2.0,230
MAZDA,Capella Cargo,2.0L Inline-4,2000.0,115,180,12.0,20000.0,Petrol,4.0,160
MAZDA,818,1.6L Inline-4,1600.0,100,170,12.5,16000.0,Petrol,5.0,130
MAZDA,Sentia Hardtop Coupe,2.5L V6,2500.0,160,210,8.0,32500.0,Petrol,4.0,220
MAZDA,Biante,2.0L Inline-4,2000.0,150,185,10.0,24000.0,Petrol,7.0,200
MAZDA,Premacy Hydrogen RE Hybrid,1.3L Wankel + Electric,1308.0,200,180,9.5,42500.0,Hybrid,5.0,260
MAZDA,T2000,2.0L Inline-4,2000.0,110,170,12.5,19000.0,Petrol,2.0,160
MAZDA,AZ-Offroad,1.3L Inline-4,1298.0,85,145,12.0,16500.0,Petrol,5.0,130
MAZDA,Persona,1.5L Inline-4,1497.0,92,160,13.5,14500.0,Petrol,5.0,130
MAZDA,Astina,1.8L Inline-4,1800.0,140,190,8.5,22000.0,Petrol,5.0,160
MAZDA,Etude,1.6L Inline-4,1598.0,105,170,10.0,15000.0,Petrol,5.0,135
MAZDA,Porter,1.5L Inline-4,1497.0,95,130,14.0,13500.0,Petrol,2.0,130
MAZDA,MX-3,1.6L Inline-4,1598.0,130,190,8.5,20000.0,Petrol,4.0,140
MAZDA,MX-5 Superlight Concept,1.8L Inline-4,1798.0,143,200,7.5,32500.0,Petrol,2.0,160
MAZDA,Premacy Hydrogen RE,1.3L Wankel + Electric,1308.0,200,180,9.5,42500.0,Hybrid,5.0,260
MAZDA,Bongo Truck,2.0L Inline-4,1998.0,120,130,15.0,16500.0,Petrol,2.0,150
MAZDA,Rotary Pickup,1.3L Wankel Rotary Engine,1308.0,130,150,14.5,20000.0,Petrol,2.0,160
MAZDA,Luce Rotary Coupe,1.3L Wankel Rotary Engine,1308.0,135,175,12.0,27500.0,Petrol,4.0,180
MAZDA,Millenia S,2.5L V6,2500.0,200,220,8.0,32500.0,Petrol,5.0,250
